fixture,source_sha256,content_type,method,crop_strategy,palette,color_space,device_quantization,dithering,unique_colors,ssim,oklab_delta,edge_f1,chamfer,hausdorff,silhouette_iou,topology_score,symmetry_error,isolated_pixels,edge_energy_ratio,runtime_ms,human_rank,human_notes,output
atsk-logo.png,0efa6c6376e83345dd036917bb398f9564d45b7bcadb325294f08d133b10666c,artwork,nearest,contain,none,sRGB,RGB444 after,none,5,0.6880938218708523,0.09481671060293523,0.7931034482758621,0.21661724276479005,2.23606797749979,0.41379310344827586,0.08333333333333333,0.06640625,5,0.7311817134151235,0.6294589999999989,12,source/grid phase breaks the hex and merges arrow features,results/atsk-logo/nearest.png
atsk-logo.png,0efa6c6376e83345dd036917bb398f9564d45b7bcadb325294f08d133b10666c,artwork,bilinear,contain,none,sRGB,RGB444 after,none,33,0.944101436864248,0.04653634725108362,0.9653333333333333,0.03465980202525885,1.0,0.9166666666666666,0.2,0.24479166666666666,0,0.9769366429557181,1.2257500000000254,,not manually ranked,results/atsk-logo/bilinear.png
atsk-logo.png,0efa6c6376e83345dd036917bb398f9564d45b7bcadb325294f08d133b10666c,artwork,bicubic,contain,none,sRGB,RGB444 after,none,35,0.9555106037276964,0.03980265162039788,0.956989247311828,0.04298309004191357,1.0,0.9517241379310345,0.3333333333333333,0.23307291666666666,0,0.908451352405726,2.203707999999971,,not manually ranked,results/atsk-logo/bicubic.png
atsk-logo.png,0efa6c6376e83345dd036917bb398f9564d45b7bcadb325294f08d133b10666c,artwork,lanczos,contain,none,sRGB,RGB444 after,none,37,0.9563027860311502,0.03728041863456916,0.9369863013698629,0.06244367001141621,1.0,0.9310344827586207,0.25,0.24348958333333334,0,0.8995721065201663,3.224541000000025,,not manually ranked,results/atsk-logo/lanczos.png
atsk-logo.png,0efa6c6376e83345dd036917bb398f9564d45b7bcadb325294f08d133b10666c,artwork,linear-area,contain,none,linear RGB,RGB444 after,none,28,0.9985910438094814,0.005416204319620007,0.9919571045576406,0.008035765625898453,1.0,0.9862068965517241,0.5,0.2421875,0,0.9834846601701531,8.510707999999978,7,faithful reference-like thumbnail but visually soft at real size,results/atsk-logo/linear-area.png
atsk-logo.png,0efa6c6376e83345dd036917bb398f9564d45b7bcadb325294f08d133b10666c,artwork,rgb444-before,contain,device RGB444,linear RGB,RGB444 before and after,none,35,0.9982785791152932,0.007424440263294899,0.9946236559139785,0.0053475935828877,1.0,0.9862068965517241,0.5,0.25,0,0.9898341242989792,20.342417,,not manually ranked,results/atsk-logo/rgb444-before.png
atsk-logo.png,0efa6c6376e83345dd036917bb398f9564d45b7bcadb325294f08d133b10666c,artwork,edge-enhanced,contain,none,linear RGB + OKLab L,RGB444 after,none,34,0.9964636020332263,0.01089767000584602,0.9893048128342246,0.0106951871657754,1.0,0.9793103448275862,1.0,0.24348958333333334,0,0.9944677267283206,8.569500000000009,5,recognizable and faithful but still carries many transition shades,results/atsk-logo/edge-enhanced.png
atsk-logo.png,0efa6c6376e83345dd036917bb398f9564d45b7bcadb325294f08d133b10666c,artwork,perceptual-palette,contain,OKLab k-means medoids,OKLab,palette then RGB444,none,3,0.9696497900875511,0.03272489806217531,0.9435897435897435,0.0548194199309818,1.0,0.9103448275862069,0.25,0.0390625,0,1.0626678805511807,9.230375000000013,,not manually ranked,results/atsk-logo/perceptual-palette.png
atsk-logo.png,0efa6c6376e83345dd036917bb398f9564d45b7bcadb325294f08d133b10666c,artwork,palette-region,contain,OKLab semantic regions,OKLab,RGB444 during,none,3,0.7329490598940052,0.09687341142291078,0.8491620111731842,0.1633110718115603,2.23606797749979,0.4206896551724138,0.0625,0.03515625,10,0.8046662362993736,17.093207999999972,4,"clean palette and separable arrows, with less stable corner/stem decisions than SDF grid fitting",results/atsk-logo/palette-region.png
atsk-logo.png,0efa6c6376e83345dd036917bb398f9564d45b7bcadb325294f08d133b10666c,artwork,contour-reraster,contain + contour simplification,OKLab regions,OKLab + polygons,RGB444 during,none,46,0.9572297085593173,0.03649528112795164,0.9373297002724795,0.062329174093879974,1.0,0.9517241379310345,0.3333333333333333,0.2578125,0,0.8426481012715432,710.5686250000001,6,faithful geometry; automatic tracing plus coverage does not beat the SDF result,results/atsk-logo/contour-reraster.png
atsk-logo.png,0efa6c6376e83345dd036917bb398f9564d45b7bcadb325294f08d133b10666c,artwork,sdf-gridfit,contain + optical grid fit,OKLab regions,OKLab + signed distance,RGB444 during,none,3,0.7970837475564829,0.09664603023626162,0.8848167539267014,0.11479500891265597,1.0,0.5172413793103449,0.08333333333333333,0.0390625,5,0.9386646653457105,267.83966599999997,2,"clean semantic colors and topology, but strict contain spends only about half the panel width",results/atsk-logo/sdf-gridfit.png
atsk-logo.png,0efa6c6376e83345dd036917bb398f9564d45b7bcadb325294f08d133b10666c,artwork,sdf-controlled,max 1.35x aspect stretch + optical grid fit,OKLab regions,OKLab + signed distance,RGB444 during,none,3,0.42668820938616137,0.17314369648961225,0.7990543735224587,0.2360833775047157,2.23606797749979,0.33714285714285713,0.07692307692307693,0.08203125,5,1.161207695315071,283.42404200000004,1,"best overall: three arrows, center dominance, hex corners, black, and semantic colors survive with bounded 1.35x optical widening",results/atsk-logo/sdf-controlled.png
atsk-logo.png,0efa6c6376e83345dd036917bb398f9564d45b7bcadb325294f08d133b10666c,artwork,framebuffer-opt,contain + optical grid fit,OKLab regions,OKLab,RGB444 during,none,3,0.9446006175890552,0.056974206971655186,0.9501312335958004,0.04954793538783836,1.0,0.8413793103448276,0.25,0.0,0,0.9849235686481025,471.48608300000006,15,metric-seeking false orange regions and topology changes,results/atsk-logo/framebuffer-opt.png
atsk-logo.png,0efa6c6376e83345dd036917bb398f9564d45b7bcadb325294f08d133b10666c,artwork,center-cover,center cover,none,linear RGB,RGB444 after,none,35,0.11276027023660139,0.2905797141152877,0.5257352941176472,1.1642098045994316,7.211102550927978,0.34782608695652173,0.1,0.41796875,2,2.09310659170708,4.249124999999854,13,fills the panel by discarding most of the enclosing hexagon,results/atsk-logo/center-cover.png
atsk-logo.png,0efa6c6376e83345dd036917bb398f9564d45b7bcadb325294f08d133b10666c,artwork,foreground-trim,automatic corner-background trim,none,linear RGB,RGB444 after,none,31,0.9674828649969128,0.0248163876948762,0.9476439790575916,0.051940216646099,1.0,0.9342105263157895,0.5,0.12890625,0,1.0567874159817954,23.71041699999976,,not manually ranked,results/atsk-logo/foreground-trim.png
atsk-logo.png,0efa6c6376e83345dd036917bb398f9564d45b7bcadb325294f08d133b10666c,artwork,seam-carve,bounded gradient seam carving,none,linear RGB,RGB444 after,none,39,0.03204742036459651,0.3409430361942946,0.5155393053016454,1.1759267155597362,7.211102550927978,0.30659025787965616,0.16666666666666666,0.4661458333333333,0,1.9894646361417252,49.57120900000022,14,preserves energy while badly distorting the logo geometry,results/atsk-logo/seam-carve.png
atsk-logo.png,0efa6c6376e83345dd036917bb398f9564d45b7bcadb325294f08d133b10666c,artwork,controlled-aspect,contain plus max 1.35x horizontal optical stretch,none,linear RGB,RGB444 after,none,32,0.4266019746577343,0.15289432243888212,0.7660550458715596,0.2634020478105337,2.23606797749979,0.5093457943925234,1.0,0.30859375,0,1.3152614447075528,8.199042000000212,3,bounded widening improves apparent-size recognition; coverage shades still soften the structure,results/atsk-logo/controlled-aspect.png
atsk-logo.png,0efa6c6376e83345dd036917bb398f9564d45b7bcadb325294f08d133b10666c,artwork,full-stretch,full nonuniform stretch,none,linear RGB,RGB444 after,none,37,0.16753817665505044,0.23726359687349102,0.583011583011583,0.868329097494358,6.082762530298219,0.3860294117647059,0.25,0.38671875,0,1.774144625120003,8.03166700000002,9,recognizable but the 2x horizontal deformation is identity-changing,results/atsk-logo/full-stretch.png
logo_hex_arrows_proxy.png,b3dd4598459cff4334f9d57b7fe6d59bad85c0de857462ae435c76f3969c5002,artwork,nearest,contain,none,sRGB,RGB444 after,none,3,0.6498268623201191,0.12139447441458359,0.8698224852071006,0.125,1.0,0.5042016806722689,0.25,0.0,0,0.7915801755722605,0.15154199999978246,11,correct colors but arrowheads merge and source/grid phase dominates,results/logo_hex_arrows_proxy/nearest.png
logo_hex_arrows_proxy.png,b3dd4598459cff4334f9d57b7fe6d59bad85c0de857462ae435c76f3969c5002,artwork,bilinear,contain,none,sRGB,RGB444 after,none,42,0.9115845979140657,0.08039835099172066,0.9219653179190751,0.07553269900830877,1.0,0.8206896551724138,1.0,0.23046875,0,0.8015956625915399,0.22804199999981734,,not manually ranked,results/logo_hex_arrows_proxy/bilinear.png
logo_hex_arrows_proxy.png,b3dd4598459cff4334f9d57b7fe6d59bad85c0de857462ae435c76f3969c5002,artwork,bicubic,contain,none,sRGB,RGB444 after,none,47,0.9301861066456498,0.06230187438696676,0.9257142857142856,0.0728021978021978,1.0,0.8884615384615384,1.0,0.2265625,0,0.8514451551915013,0.3639999999998089,,not manually ranked,results/logo_hex_arrows_proxy/bicubic.png
logo_hex_arrows_proxy.png,b3dd4598459cff4334f9d57b7fe6d59bad85c0de857462ae435c76f3969c5002,artwork,lanczos,contain,none,sRGB,RGB444 after,none,47,0.9215432529690534,0.06104428119196312,0.9171428571428573,0.08138736263736264,1.0,0.8687258687258688,1.0,0.22916666666666666,0,0.8514949202787688,0.49150000000031113,,not manually ranked,results/logo_hex_arrows_proxy/lanczos.png
logo_hex_arrows_proxy.png,b3dd4598459cff4334f9d57b7fe6d59bad85c0de857462ae435c76f3969c5002,artwork,linear-area,contain,none,linear RGB,RGB444 after,none,39,0.9994654339103171,0.007713425122786367,0.9945205479452055,0.005471987029364079,1.0,1.0,1.0,0.203125,0,0.9946567000471884,1.204415999999764,5,faithful but gray transition pixels weaken the designed look,results/logo_hex_arrows_proxy/linear-area.png
logo_hex_arrows_proxy.png,b3dd4598459cff4334f9d57b7fe6d59bad85c0de857462ae435c76f3969c5002,artwork,rgb444-before,contain,device RGB444,linear RGB,RGB444 before and after,none,24,0.9990181884863468,0.008397586597839036,0.9972527472527473,0.0027472527472527475,1.0,1.0,1.0,0.203125,0,0.9884785260923755,1.3322500000003679,,not manually ranked,results/logo_hex_arrows_proxy/rgb444-before.png
logo_hex_arrows_proxy.png,b3dd4598459cff4334f9d57b7fe6d59bad85c0de857462ae435c76f3969c5002,artwork,edge-enhanced,contain,none,linear RGB + OKLab L,RGB444 after,none,46,0.9970089242021013,0.015925039165628027,0.9918256130790191,0.008108108108108109,1.0,1.0,1.0,0.20442708333333334,0,1.0152222343343844,1.3622500000001203,4,recognizable with good hierarchy; still visibly antialiased,results/logo_hex_arrows_proxy/edge-enhanced.png
logo_hex_arrows_proxy.png,b3dd4598459cff4334f9d57b7fe6d59bad85c0de857462ae435c76f3969c5002,artwork,perceptual-palette,contain,OKLab k-means medoids,OKLab,palette then RGB444,none,3,0.9121184858723361,0.07911225852293352,0.9385026737967913,0.060825892857142856,1.0,0.8781512605042017,0.5,0.0703125,0,1.0604063039299436,2.163665999999953,10,clean palette but orange is lost in this automatic clustering run,results/logo_hex_arrows_proxy/perceptual-palette.png
logo_hex_arrows_proxy.png,b3dd4598459cff4334f9d57b7fe6d59bad85c0de857462ae435c76f3969c5002,artwork,palette-region,contain,OKLab semantic regions,OKLab,RGB444 during,none,3,0.6416522376064169,0.12383899201038366,0.8714918759231906,0.12353421339044342,1.0,0.4831932773109244,0.16666666666666666,0.01171875,0,0.7870345213613799,9.329958999999999,2,clean and faithful palette; slightly coarser corner/stem decisions,results/logo_hex_arrows_proxy/palette-region.png
logo_hex_arrows_proxy.png,b3dd4598459cff4334f9d57b7fe6d59bad85c0de857462ae435c76f3969c5002,artwork,contour-reraster,contain + contour simplification,OKLab regions,OKLab + polygons,RGB444 during,none,31,0.9260694253308386,0.05646524686674441,0.8966521106259098,0.100142891164563,1.0,0.9790794979079498,1.0,0.13541666666666666,0,0.897186539338023,101.80379200000012,3,good geometry but coverage creates unnecessary gray ramps,results/logo_hex_arrows_proxy/contour-reraster.png
logo_hex_arrows_proxy.png,b3dd4598459cff4334f9d57b7fe6d59bad85c0de857462ae435c76f3969c5002,artwork,sdf-gridfit,contain + optical grid fit,OKLab regions,OKLab + signed distance,RGB444 during,none,3,0.7054709113446587,0.11394749431041482,0.8798882681564246,0.1198645104895105,1.0,0.5882352941176471,0.16666666666666666,0.0,0,0.9496020814456422,243.52858300000025,1,"cleanest topology, three arrows separable, black and semantic colors stable",results/logo_hex_arrows_proxy/sdf-gridfit.png
logo_hex_arrows_proxy.png,b3dd4598459cff4334f9d57b7fe6d59bad85c0de857462ae435c76f3969c5002,artwork,sdf-controlled,max 1.35x aspect stretch + optical grid fit,OKLab regions,OKLab + signed distance,RGB444 during,none,3,0.7054709113446587,0.11394749431041482,0.8798882681564246,0.1198645104895105,1.0,0.5882352941176471,0.16666666666666666,0.0,0,0.9496020814456422,242.1635000000002,,not manually ranked,results/logo_hex_arrows_proxy/sdf-controlled.png
logo_hex_arrows_proxy.png,b3dd4598459cff4334f9d57b7fe6d59bad85c0de857462ae435c76f3969c5002,artwork,framebuffer-opt,contain + optical grid fit,OKLab regions,OKLab,RGB444 during,none,3,0.9135876876557985,0.07964078900880835,0.9440000000000001,0.055187040938336276,1.0,0.8991596638655462,0.5,0.0,0,1.051994900083909,444.66320800000017,12,objective exploits metrics by contaminating gray structure orange,results/logo_hex_arrows_proxy/framebuffer-opt.png
logo_hex_arrows_proxy.png,b3dd4598459cff4334f9d57b7fe6d59bad85c0de857462ae435c76f3969c5002,artwork,center-cover,center cover,none,linear RGB,RGB444 after,none,39,0.9994654339103171,0.007713425122786367,0.9945205479452055,0.005471987029364079,1.0,1.0,1.0,0.203125,0,0.9946567000471884,1.172083000000157,,not manually ranked,results/logo_hex_arrows_proxy/center-cover.png
logo_hex_arrows_proxy.png,b3dd4598459cff4334f9d57b7fe6d59bad85c0de857462ae435c76f3969c5002,artwork,foreground-trim,automatic corner-background trim,none,linear RGB,RGB444 after,none,36,0.6328872442108808,0.1524609996709116,0.868238557558946,0.13167959491488904,1.0,0.59,0.25,0.3919270833333333,0,0.947711514899069,3.2958340000002195,,not manually ranked,results/logo_hex_arrows_proxy/foreground-trim.png
logo_hex_arrows_proxy.png,b3dd4598459cff4334f9d57b7fe6d59bad85c0de857462ae435c76f3969c5002,artwork,seam-carve,bounded gradient seam carving,none,linear RGB,RGB444 after,none,39,0.9994654339103171,0.007713425122786367,0.9945205479452055,0.005471987029364079,1.0,1.0,1.0,0.203125,0,0.9946567000471884,1.4588330000000482,,not manually ranked,results/logo_hex_arrows_proxy/seam-carve.png
logo_hex_arrows_proxy.png,b3dd4598459cff4334f9d57b7fe6d59bad85c0de857462ae435c76f3969c5002,artwork,controlled-aspect,contain plus max 1.35x horizontal optical stretch,none,linear RGB,RGB444 after,none,39,0.9994654339103171,0.007713425122786367,0.9945205479452055,0.005471987029364079,1.0,1.0,1.0,0.203125,0,0.9946567000471884,1.1506249999997387,,not manually ranked,results/logo_hex_arrows_proxy/controlled-aspect.png
logo_hex_arrows_proxy.png,b3dd4598459cff4334f9d57b7fe6d59bad85c0de857462ae435c76f3969c5002,artwork,full-stretch,full nonuniform stretch,none,linear RGB,RGB444 after,none,39,0.9994654339103171,0.007713425122786367,0.9945205479452055,0.005471987029364079,1.0,1.0,1.0,0.203125,0,0.9946567000471884,1.2768329999999217,,not manually ranked,results/logo_hex_arrows_proxy/full-stretch.png
flat_3color_logo.png,cd5a808d9309aa29831740430ed9261349f04f9015bd2bb11242fffea23e4052,artwork,nearest,contain,none,sRGB,RGB444 after,none,4,0.7522204683810811,0.09106353940718495,0.8818635607321131,0.11478134240423309,1.0,0.9575757575757575,1.0,0.0,0,0.8837607097571621,0.15370800000003015,,not manually ranked,results/flat_3color_logo/nearest.png
flat_3color_logo.png,cd5a808d9309aa29831740430ed9261349f04f9015bd2bb11242fffea23e4052,artwork,bilinear,contain,none,sRGB,RGB444 after,none,42,0.9458922189219949,0.04711589892685364,0.975,0.024990478422640846,1.0,0.9939759036144579,1.0,0.0,0,0.9963084044507008,0.25375000000016357,,not manually ranked,results/flat_3color_logo/bilinear.png
flat_3color_logo.png,cd5a808d9309aa29831740430ed9261349f04f9015bd2bb11242fffea23e4052,artwork,bicubic,contain,none,sRGB,RGB444 after,none,42,0.9562850736136757,0.03921440354687103,0.9746835443037976,0.025228599757629172,1.0,0.9878787878787879,1.0,0.0,0,0.9640011268470499,0.3011250000000132,,not manually ranked,results/flat_3color_logo/bicubic.png
flat_3color_logo.png,cd5a808d9309aa29831740430ed9261349f04f9015bd2bb11242fffea23e4052,artwork,lanczos,contain,none,sRGB,RGB444 after,none,46,0.954022930918785,0.040847944752858814,0.9777070063694268,0.022045023384159642,1.0,0.9818181818181818,1.0,0.0,0,0.9558766488515381,0.46549999999978553,,not manually ranked,results/flat_3color_logo/lanczos.png
flat_3color_logo.png,cd5a808d9309aa29831740430ed9261349f04f9015bd2bb11242fffea23e4052,artwork,linear-area,contain,none,linear RGB,RGB444 after,none,39,0.998701872540322,0.01124296505797801,0.9953198127925117,0.004658385093167702,1.0,1.0,1.0,0.0,0,0.9963546800145618,1.2798750000002634,,not manually ranked,results/flat_3color_logo/linear-area.png
flat_3color_logo.png,cd5a808d9309aa29831740430ed9261349f04f9015bd2bb11242fffea23e4052,artwork,rgb444-before,contain,device RGB444,linear RGB,RGB444 before and after,none,38,0.9990783129471807,0.013287111297004718,0.9922239502332815,0.007716049382716049,1.0,1.0,1.0,0.0,0,1.0106469744160338,1.296459000000194,,not manually ranked,results/flat_3color_logo/rgb444-before.png
flat_3color_logo.png,cd5a808d9309aa29831740430ed9261349f04f9015bd2bb11242fffea23e4052,artwork,edge-enhanced,contain,none,linear RGB + OKLab L,RGB444 after,none,40,0.996107269971193,0.015224344233549663,0.9891472868217055,0.010736196319018405,1.0,1.0,1.0,0.0,0,1.017885062773316,1.348415999999908,,not manually ranked,results/flat_3color_logo/edge-enhanced.png
flat_3color_logo.png,cd5a808d9309aa29831740430ed9261349f04f9015bd2bb11242fffea23e4052,artwork,perceptual-palette,contain,OKLab k-means medoids,OKLab,palette then RGB444,none,3,0.839773331235358,0.1058902120783596,0.7416173570019724,0.27004148205342876,3.0,0.9878787878787879,1.0,0.0,0,0.7957117335798352,2.180958000000288,,not manually ranked,results/flat_3color_logo/perceptual-palette.png
flat_3color_logo.png,cd5a808d9309aa29831740430ed9261349f04f9015bd2bb11242fffea23e4052,artwork,palette-region,contain,OKLab semantic regions,OKLab,RGB444 during,none,3,0.6097194141507442,0.12447887207921612,0.8624787775891342,0.13151050737257636,1.0,0.8727272727272727,1.0,0.0,0,0.8585106326510716,9.948957999999841,,not manually ranked,results/flat_3color_logo/palette-region.png
flat_3color_logo.png,cd5a808d9309aa29831740430ed9261349f04f9015bd2bb11242fffea23e4052,artwork,contour-reraster,contain + contour simplification,OKLab regions,OKLab + polygons,RGB444 during,none,24,0.7766956855273861,0.1010241700768426,0.7787934186471663,0.22147421724803748,2.0,0.9848484848484849,1.0,0.0,0,0.8798126732440095,113.09137500000021,,not manually ranked,results/flat_3color_logo/contour-reraster.png
flat_3color_logo.png,cd5a808d9309aa29831740430ed9261349f04f9015bd2bb11242fffea23e4052,artwork,sdf-gridfit,contain + optical grid fit,OKLab regions,OKLab + signed distance,RGB444 during,none,3,0.7762067675647332,0.10808350176644146,0.8642384105960266,0.13301435406698564,1.0,0.9939393939393939,1.0,0.0,0,0.8879889470052733,250.2992500000003,,not manually ranked,results/flat_3color_logo/sdf-gridfit.png
flat_3color_logo.png,cd5a808d9309aa29831740430ed9261349f04f9015bd2bb11242fffea23e4052,artwork,sdf-controlled,max 1.35x aspect stretch + optical grid fit,OKLab regions,OKLab + signed distance,RGB444 during,none,3,0.7762067675647332,0.10808350176644146,0.8642384105960266,0.13301435406698564,1.0,0.9939393939393939,1.0,0.0,0,0.8879889470052733,251.67670799999973,,not manually ranked,results/flat_3color_logo/sdf-controlled.png
flat_3color_logo.png,cd5a808d9309aa29831740430ed9261349f04f9015bd2bb11242fffea23e4052,artwork,framebuffer-opt,contain + optical grid fit,OKLab regions,OKLab,RGB444 during,none,3,0.9533130382041748,0.08206606522791082,0.953125,0.0468656920477739,1.0,0.9939393939393939,1.0,0.0,0,1.0463960440067959,633.9703339999998,,not manually ranked,results/flat_3color_logo/framebuffer-opt.png
flat_3color_logo.png,cd5a808d9309aa29831740430ed9261349f04f9015bd2bb11242fffea23e4052,artwork,center-cover,center cover,none,linear RGB,RGB444 after,none,39,0.998701872540322,0.01124296505797801,0.9953198127925117,0.004658385093167702,1.0,1.0,1.0,0.0,0,0.9963546800145618,1.2529580000002483,,not manually ranked,results/flat_3color_logo/center-cover.png
flat_3color_logo.png,cd5a808d9309aa29831740430ed9261349f04f9015bd2bb11242fffea23e4052,artwork,foreground-trim,automatic corner-background trim,none,linear RGB,RGB444 after,none,26,0.31994949818238205,0.20907541952360326,0.6034214618973561,0.4120555300137379,2.0,0.7710280373831776,1.0,0.0,0,1.0264758243405578,3.1806670000005255,,not manually ranked,results/flat_3color_logo/foreground-trim.png
flat_3color_logo.png,cd5a808d9309aa29831740430ed9261349f04f9015bd2bb11242fffea23e4052,artwork,seam-carve,bounded gradient seam carving,none,linear RGB,RGB444 after,none,39,0.998701872540322,0.01124296505797801,0.9953198127925117,0.004658385093167702,1.0,1.0,1.0,0.0,0,0.9963546800145618,1.376791999999405,,not manually ranked,results/flat_3color_logo/seam-carve.png
flat_3color_logo.png,cd5a808d9309aa29831740430ed9261349f04f9015bd2bb11242fffea23e4052,artwork,controlled-aspect,contain plus max 1.35x horizontal optical stretch,none,linear RGB,RGB444 after,none,39,0.998701872540322,0.01124296505797801,0.9953198127925117,0.004658385093167702,1.0,1.0,1.0,0.0,0,0.9963546800145618,1.3287499999998786,,not manually ranked,results/flat_3color_logo/controlled-aspect.png
flat_3color_logo.png,cd5a808d9309aa29831740430ed9261349f04f9015bd2bb11242fffea23e4052,artwork,full-stretch,full nonuniform stretch,none,linear RGB,RGB444 after,none,39,0.998701872540322,0.01124296505797801,0.9953198127925117,0.004658385093167702,1.0,1.0,1.0,0.0,0,0.9963546800145618,1.1982499999998453,,not manually ranked,results/flat_3color_logo/full-stretch.png
thin_line_icon.png,21f961760127d8e974abb48061ab738a3683fe7e97d80b8cb7cf33a598042e5d,line,nearest,contain,none,sRGB,RGB444 after,none,3,0.5036915451527727,0.09349465779473867,0.702247191011236,0.3358068023673274,3.1622776601683795,0.2,0.058823529411764705,0.02734375,20,0.4839314895721264,0.18162499999974102,,not manually ranked,results/thin_line_icon/nearest.png
thin_line_icon.png,21f961760127d8e974abb48061ab738a3683fe7e97d80b8cb7cf33a598042e5d,line,bilinear,contain,none,sRGB,RGB444 after,none,20,0.8330503149064381,0.05270762916416451,0.9220183486238531,0.0779040404040404,1.0,0.8333333333333334,1.0,0.1328125,0,0.9020165101829094,0.22641700000036735,,not manually ranked,results/thin_line_icon/bilinear.png
thin_line_icon.png,21f961760127d8e974abb48061ab738a3683fe7e97d80b8cb7cf33a598042e5d,line,bicubic,contain,none,sRGB,RGB444 after,none,23,0.858984284571755,0.04656637657483155,0.9237875288683602,0.07620754394947943,1.0,0.8813559322033898,1.0,0.12890625,0,0.8646804761931209,0.3064579999998429,,not manually ranked,results/thin_line_icon/bicubic.png
thin_line_icon.png,21f961760127d8e974abb48061ab738a3683fe7e97d80b8cb7cf33a598042e5d,line,lanczos,contain,none,sRGB,RGB444 after,none,26,0.867816346853219,0.04502609059155961,0.9274004683840749,0.07247235387045814,1.0,0.864406779661017,1.0,0.13541666666666666,0,0.8475907652566909,0.49125000000049823,,not manually ranked,results/thin_line_icon/lanczos.png
thin_line_icon.png,21f961760127d8e974abb48061ab738a3683fe7e97d80b8cb7cf33a598042e5d,line,linear-area,contain,none,linear RGB,RGB444 after,none,22,0.999398961120031,0.003469420652614205,0.9908256880733944,0.00909090909090909,1.0,1.0,1.0,0.14973958333333334,0,1.0026786869905358,1.2315419999993082,5,faithful yet too dim at actual apparent size,results/thin_line_icon/linear-area.png
thin_line_icon.png,21f961760127d8e974abb48061ab738a3683fe7e97d80b8cb7cf33a598042e5d,line,rgb444-before,contain,device RGB444,linear RGB,RGB444 before and after,none,23,0.9991632465036657,0.003951236449396463,0.9908256880733944,0.00909090909090909,1.0,1.0,1.0,0.13151041666666666,0,1.0088810045434697,1.2823750000006129,,not manually ranked,results/thin_line_icon/rgb444-before.png
thin_line_icon.png,21f961760127d8e974abb48061ab738a3683fe7e97d80b8cb7cf33a598042e5d,line,edge-enhanced,contain,none,linear RGB + OKLab L,RGB444 after,none,26,0.9948646336882478,0.009097634490252603,0.9930394431554525,0.0069552110249784665,1.0,1.0,1.0,0.16145833333333334,0,0.9769799752692292,1.3962079999991772,1,best line continuity without repainting the icon,results/thin_line_icon/edge-enhanced.png
thin_line_icon.png,21f961760127d8e974abb48061ab738a3683fe7e97d80b8cb7cf33a598042e5d,line,perceptual-palette,contain,OKLab k-means medoids,OKLab,palette then RGB444,none,3,0.9690479309841304,0.021975878571836777,0.9270386266094421,0.068,1.0,0.9142857142857143,0.5,0.0859375,0,1.0659156631798266,2.2261249999999677,,not manually ranked,results/thin_line_icon/perceptual-palette.png
thin_line_icon.png,21f961760127d8e974abb48061ab738a3683fe7e97d80b8cb7cf33a598042e5d,line,palette-region,contain,OKLab semantic regions,OKLab,RGB444 during,none,2,0.31324907299093163,0.10798780913537034,0.1818181818181818,1.8955679301070352,9.055385138137417,0.0380952380952381,0.25,0.015625,4,0.10571710387485773,9.391625000000126,4,clean but local region voting creates a bright boundary defect,results/thin_line_icon/palette-region.png
thin_line_icon.png,21f961760127d8e974abb48061ab738a3683fe7e97d80b8cb7cf33a598042e5d,line,contour-reraster,contain + contour simplification,OKLab regions,OKLab + polygons,RGB444 during,none,24,0.8958415610371855,0.035761999169973094,0.9414634146341463,0.055818060328369605,1.0,0.9428571428571428,1.0,0.12630208333333334,0,0.8078985144037952,106.50395899999943,2,clean curve and ellipse; some coverage softness remains,results/thin_line_icon/contour-reraster.png
thin_line_icon.png,21f961760127d8e974abb48061ab738a3683fe7e97d80b8cb7cf33a598042e5d,line,sdf-gridfit,contain + optical grid fit,OKLab regions,OKLab + signed distance,RGB444 during,none,3,0.4717420760589906,0.10287810391088265,0.6816901408450705,0.4159276881704936,4.123105625617661,0.24761904761904763,0.08333333333333333,0.03125,14,0.4182497779282795,238.32449999999915,3,preserves the thin path but color/outline competition is visible,results/thin_line_icon/sdf-gridfit.png
thin_line_icon.png,21f961760127d8e974abb48061ab738a3683fe7e97d80b8cb7cf33a598042e5d,line,sdf-controlled,max 1.35x aspect stretch + optical grid fit,OKLab regions,OKLab + signed distance,RGB444 during,none,3,0.4717420760589906,0.10287810391088265,0.6816901408450705,0.4159276881704936,4.123105625617661,0.24761904761904763,0.08333333333333333,0.03125,14,0.4182497779282795,237.31858299999953,,not manually ranked,results/thin_line_icon/sdf-controlled.png
thin_line_icon.png,21f961760127d8e974abb48061ab738a3683fe7e97d80b8cb7cf33a598042e5d,line,framebuffer-opt,contain + optical grid fit,OKLab regions,OKLab,RGB444 during,none,2,0.891859633788387,0.054532596852055394,0.9306487695749441,0.06830206830206831,1.0,0.7619047619047619,0.3333333333333333,0.0234375,2,0.988789927574764,443.27495799999997,12,gross false-color expansion and topology change,results/thin_line_icon/framebuffer-opt.png
thin_line_icon.png,21f961760127d8e974abb48061ab738a3683fe7e97d80b8cb7cf33a598042e5d,line,foreground-trim,automatic corner-background trim,none,linear RGB,RGB444 after,none,26,0.3780065304306547,0.1288841758245297,0.6858407079646017,0.32583881816794047,2.0,0.39490445859872614,1.0,0.11067708333333333,0,1.0603921232502322,2.9161669999995254,,not manually ranked,results/thin_line_icon/foreground-trim.png
circle_curved_icon.png,b8ecb946969f301053bd89a0806bd85a7bd4fa8f6b3b918ee2e26f5c33d578c2,line,nearest,contain,none,sRGB,RGB444 after,none,3,0.7805502816519287,0.08038722501349452,0.8688524590163934,0.13049844609132202,1.0,0.5328947368421053,0.5,0.02734375,0,0.9977504953332459,0.16108300000006182,,not manually ranked,results/circle_curved_icon/nearest.png
circle_curved_icon.png,b8ecb946969f301053bd89a0806bd85a7bd4fa8f6b3b918ee2e26f5c33d578c2,line,bilinear,contain,none,sRGB,RGB444 after,none,32,0.9543246994805967,0.04511566996179673,0.9684813753581663,0.031128852092778762,1.0,0.8994082840236687,0.5,0.20052083333333334,0,0.9492560094498387,0.22454099999968946,,not manually ranked,results/circle_curved_icon/bilinear.png
circle_curved_icon.png,b8ecb946969f301053bd89a0806bd85a7bd4fa8f6b3b918ee2e26f5c33d578c2,line,bicubic,contain,none,sRGB,RGB444 after,none,40,0.9520419986097615,0.03954233351130602,0.9512893982808023,0.048327748209475,1.0,0.9240506329113924,0.5,0.1953125,0,0.9486105350361864,0.2962499999998869,,not manually ranked,results/circle_curved_icon/bicubic.png
circle_curved_icon.png,b8ecb946969f301053bd89a0806bd85a7bd4fa8f6b3b918ee2e26f5c33d578c2,line,lanczos,contain,none,sRGB,RGB444 after,none,51,0.9426400894792034,0.042094066729215694,0.9408450704225352,0.059147463975115847,1.0,0.9032258064516129,0.25,0.21614583333333334,0,0.9642094485080884,0.44616699999977527,,not manually ranked,results/circle_curved_icon/lanczos.png
circle_curved_icon.png,b8ecb946969f301053bd89a0806bd85a7bd4fa8f6b3b918ee2e26f5c33d578c2,line,linear-area,contain,none,linear RGB,RGB444 after,none,36,0.9995119993932339,0.004636068983403009,0.9915492957746479,0.008442836285152034,1.0,1.0,1.0,0.19270833333333334,0,0.9961655477454342,1.1335419999998209,,not manually ranked,results/circle_curved_icon/linear-area.png
circle_curved_icon.png,b8ecb946969f301053bd89a0806bd85a7bd4fa8f6b3b918ee2e26f5c33d578c2,line,rgb444-before,contain,device RGB444,linear RGB,RGB444 before and after,none,36,0.9994309607135153,0.005309355714735087,0.9915492957746479,0.008442836285152034,1.0,1.0,1.0,0.20572916666666666,0,0.9957328172687753,1.3369169999997155,,not manually ranked,results/circle_curved_icon/rgb444-before.png
circle_curved_icon.png,b8ecb946969f301053bd89a0806bd85a7bd4fa8f6b3b918ee2e26f5c33d578c2,line,edge-enhanced,contain,none,linear RGB + OKLab L,RGB444 after,none,36,0.9966757333028262,0.008994424842957252,0.9803921568627452,0.019600150649676733,1.0,0.9802631578947368,0.3333333333333333,0.18359375,0,1.0217964794857808,1.3032079999995005,,not manually ranked,results/circle_curved_icon/edge-enhanced.png
circle_curved_icon.png,b8ecb946969f301053bd89a0806bd85a7bd4fa8f6b3b918ee2e26f5c33d578c2,line,perceptual-palette,contain,OKLab k-means medoids,OKLab,palette then RGB444,none,3,0.9402880318861484,0.04797309665361098,0.8906666666666666,0.10704100838418981,1.0,0.875,0.25,0.0703125,0,1.0734759959082893,2.0236669999995627,,not manually ranked,results/circle_curved_icon/perceptual-palette.png
circle_curved_icon.png,b8ecb946969f301053bd89a0806bd85a7bd4fa8f6b3b918ee2e26f5c33d578c2,line,palette-region,contain,OKLab semantic regions,OKLab,RGB444 during,none,3,0.7496994961648997,0.08438199717207809,0.8619718309859155,0.1380213292706151,1.0,0.5,0.5,0.0390625,1,0.9277098208128072,9.195749999999947,,not manually ranked,results/circle_curved_icon/palette-region.png
circle_curved_icon.png,b8ecb946969f301053bd89a0806bd85a7bd4fa8f6b3b918ee2e26f5c33d578c2,line,contour-reraster,contain + contour simplification,OKLab regions,OKLab + polygons,RGB444 during,none,34,0.9467961003589072,0.04036193608021677,0.9385474860335196,0.06142322097378277,1.0,0.934640522875817,0.25,0.12109375,0,0.9574978474381015,98.77383300000008,,not manually ranked,results/circle_curved_icon/contour-reraster.png
circle_curved_icon.png,b8ecb946969f301053bd89a0806bd85a7bd4fa8f6b3b918ee2e26f5c33d578c2,line,sdf-gridfit,contain + optical grid fit,OKLab regions,OKLab + signed distance,RGB444 during,none,3,0.7805502816519287,0.08038722501349452,0.8688524590163934,0.13049844609132202,1.0,0.5328947368421053,0.5,0.02734375,0,0.9977504953332459,228.58316599999995,,not manually ranked,results/circle_curved_icon/sdf-gridfit.png
circle_curved_icon.png,b8ecb946969f301053bd89a0806bd85a7bd4fa8f6b3b918ee2e26f5c33d578c2,line,sdf-controlled,max 1.35x aspect stretch + optical grid fit,OKLab regions,OKLab + signed distance,RGB444 during,none,3,0.7805502816519287,0.08038722501349452,0.8688524590163934,0.13049844609132202,1.0,0.5328947368421053,0.5,0.02734375,0,0.9977504953332459,228.78808299999952,,not manually ranked,results/circle_curved_icon/sdf-controlled.png
circle_curved_icon.png,b8ecb946969f301053bd89a0806bd85a7bd4fa8f6b3b918ee2e26f5c33d578c2,line,framebuffer-opt,contain + optical grid fit,OKLab regions,OKLab,RGB444 during,none,3,0.930623851853123,0.050059468620291744,0.8877005347593584,0.11023847741343729,1.0,0.881578947368421,0.16666666666666666,0.0234375,0,1.0697046275825048,427.03762499999965,,not manually ranked,results/circle_curved_icon/framebuffer-opt.png
circle_curved_icon.png,b8ecb946969f301053bd89a0806bd85a7bd4fa8f6b3b918ee2e26f5c33d578c2,line,foreground-trim,automatic corner-background trim,none,linear RGB,RGB444 after,none,29,0.9700269456690384,0.022153376438096287,0.9575070821529745,0.04242375601926164,1.0,0.93125,0.5,0.044270833333333336,0,0.9939433968057445,2.850249999999832,,not manually ranked,results/circle_curved_icon/foreground-trim.png
text_heavy.png,ea681a556835108134b610d3a0f542c158f8fa2777cb81de5583208311c1914b,text,nearest,contain,none,sRGB,RGB444 after,none,16,0.5872416109036669,0.07692379385863543,0.5247148288973383,0.4925087664465527,2.8284271247461903,0.24528301886792453,0.125,0.0,11,0.409189540827622,0.14870800000021944,,not manually ranked,results/text_heavy/nearest.png
text_heavy.png,ea681a556835108134b610d3a0f542c158f8fa2777cb81de5583208311c1914b,text,bilinear,contain,none,sRGB,RGB444 after,none,18,0.865890572330278,0.038737745510209004,0.978021978021978,0.021859903381642513,1.0,0.9375,1.0,0.0,0,1.038820559401283,0.21991599999982014,,not manually ranked,results/text_heavy/bilinear.png
text_heavy.png,ea681a556835108134b610d3a0f542c158f8fa2777cb81de5583208311c1914b,text,bicubic,contain,none,sRGB,RGB444 after,none,18,0.8749139091570464,0.036818977225523,0.9695290858725762,0.03010623925325473,1.0,0.9285714285714286,1.0,0.0,0,1.011370202781785,0.3373749999999731,,not manually ranked,results/text_heavy/bicubic.png
text_heavy.png,ea681a556835108134b610d3a0f542c158f8fa2777cb81de5583208311c1914b,text,lanczos,contain,none,sRGB,RGB444 after,none,17,0.8645559148725036,0.03781209160745217,0.9553072625698323,0.04394677661169415,1.0,0.8928571428571429,1.0,0.0,0,1.0077587987637953,0.4482089999999772,,not manually ranked,results/text_heavy/lanczos.png
text_heavy.png,ea681a556835108134b610d3a0f542c158f8fa2777cb81de5583208311c1914b,text,linear-area,contain,none,linear RGB,RGB444 after,none,26,0.9987534253021859,0.0035915825517482077,0.9945945945945946,0.005376344086021506,1.0,0.9905660377358491,1.0,0.0,0,0.9931776953181518,1.145958000000391,,not manually ranked,results/text_heavy/linear-area.png
text_heavy.png,ea681a556835108134b610d3a0f542c158f8fa2777cb81de5583208311c1914b,text,rgb444-before,contain,device RGB444,linear RGB,RGB444 before and after,none,20,0.9989895210664198,0.003447718991245712,0.9945652173913043,0.005434782608695652,1.0,1.0,1.0,0.0,0,0.9940510669324272,1.2392910000000867,,not manually ranked,results/text_heavy/rgb444-before.png
text_heavy.png,ea681a556835108134b610d3a0f542c158f8fa2777cb81de5583208311c1914b,text,edge-enhanced,contain,none,linear RGB + OKLab L,RGB444 after,none,31,0.9968214378830087,0.0061414667983417,0.9945652173913043,0.005434782608695652,1.0,0.9811320754716981,1.0,0.0,1,0.9890553110327517,1.3967499999996136,,not manually ranked,results/text_heavy/edge-enhanced.png
text_heavy.png,ea681a556835108134b610d3a0f542c158f8fa2777cb81de5583208311c1914b,text,perceptual-palette,contain,OKLab k-means medoids,OKLab,palette then RGB444,none,4,0.9881653433599207,0.012658724338829957,0.986449864498645,0.01354289071680376,1.0,0.9811320754716981,1.0,0.0,1,1.0792921848229233,1.9699170000002653,,not manually ranked,results/text_heavy/perceptual-palette.png
text_heavy.png,ea681a556835108134b610d3a0f542c158f8fa2777cb81de5583208311c1914b,text,palette-region,contain,OKLab semantic regions,OKLab,RGB444 during,none,3,0.4854692571524887,0.0888105977540491,0.20192307692307693,1.7491266437932451,11.045361017187261,0.02830188679245283,1.0,0.0,3,0.1781231874959488,11.951041999999745,,not manually ranked,results/text_heavy/palette-region.png
text_heavy.png,ea681a556835108134b610d3a0f542c158f8fa2777cb81de5583208311c1914b,text,contour-reraster,contain + contour simplification,OKLab regions,OKLab + polygons,RGB444 during,none,30,0.9012047744862052,0.03218499618518866,0.9637883008356546,0.0356055900621118,1.0,0.926605504587156,1.0,0.0,1,0.899209460794925,162.42554200000026,,not manually ranked,results/text_heavy/contour-reraster.png
text_heavy.png,ea681a556835108134b610d3a0f542c158f8fa2777cb81de5583208311c1914b,text,sdf-gridfit,contain + optical grid fit,OKLab regions,OKLab + signed distance,RGB444 during,none,4,0.6468898918086454,0.0754941046800903,0.7019867549668874,0.273400432998346,2.0,0.330188679245283,0.1111111111111111,0.0,9,0.6047718096589915,360.45029200000033,,not manually ranked,results/text_heavy/sdf-gridfit.png
text_heavy.png,ea681a556835108134b610d3a0f542c158f8fa2777cb81de5583208311c1914b,text,sdf-controlled,max 1.35x aspect stretch + optical grid fit,OKLab regions,OKLab + signed distance,RGB444 during,none,4,0.6468898918086454,0.0754941046800903,0.7019867549668874,0.273400432998346,2.0,0.330188679245283,0.1111111111111111,0.0,9,0.6047718096589915,356.5863749999991,,not manually ranked,results/text_heavy/sdf-controlled.png
text_heavy.png,ea681a556835108134b610d3a0f542c158f8fa2777cb81de5583208311c1914b,text,framebuffer-opt,contain + optical grid fit,OKLab regions,OKLab,RGB444 during,none,4,0.9657810455043068,0.028443779448311005,0.9722222222222222,0.027297430830039528,1.0,0.9716981132075472,1.0,0.0,0,0.8803826660380132,926.1383750000007,,not manually ranked,results/text_heavy/framebuffer-opt.png
text_heavy.png,ea681a556835108134b610d3a0f542c158f8fa2777cb81de5583208311c1914b,text,foreground-trim,automatic corner-background trim,none,linear RGB,RGB444 after,none,22,0.32746231047114216,0.1411704639672627,0.5175879396984925,1.0937636136087159,7.0710678118654755,0.2393617021276596,0.3333333333333333,0.0,1,1.2234090232305348,2.8946249999997065,,not manually ranked,results/text_heavy/foreground-trim.png
pixel_art_sprite.png,72443eb58d5805baa871926fe784e243ae27cd2bc33231bba19d39cdca98abda,pixel-art,nearest,contain,none,sRGB,RGB444 after,none,5,0.9995088572613506,0.006151156206221265,0.962962962962963,0.06535915385623489,3.0,1.0,1.0,0.0,0,1.0039757083859242,0.08362500000025364,1,preserves authored pixel blocks and exact palette,results/pixel_art_sprite/nearest.png
pixel_art_sprite.png,72443eb58d5805baa871926fe784e243ae27cd2bc33231bba19d39cdca98abda,pixel-art,bilinear,contain,none,sRGB,RGB444 after,none,33,0.867705742083491,0.039217410990715754,0.8904593639575972,0.12311351345751012,2.0,0.8457943925233645,1.0,0.0,0,0.9657797681424879,0.09924999999988415,4,softens deliberate block boundaries,results/pixel_art_sprite/bilinear.png
pixel_art_sprite.png,72443eb58d5805baa871926fe784e243ae27cd2bc33231bba19d39cdca98abda,pixel-art,bicubic,contain,none,sRGB,RGB444 after,none,42,0.8891329432897161,0.03555725423885233,0.9220338983050848,0.09750084743196055,3.1622776601683795,0.8537735849056604,1.0,0.0,0,0.9721827248992467,0.10466700000044682,3,recognizable but invents transition colors,results/pixel_art_sprite/bicubic.png
pixel_art_sprite.png,72443eb58d5805baa871926fe784e243ae27cd2bc33231bba19d39cdca98abda,pixel-art,lanczos,contain,none,sRGB,RGB444 after,none,56,0.8687659155834082,0.03869374349420319,0.910958904109589,0.11643648445834323,3.1622776601683795,0.8497652582159625,0.3333333333333333,0.0,2,0.944971995725862,0.10720799999930364,5,ringing and the largest false palette,results/pixel_art_sprite/lanczos.png
pixel_art_sprite.png,72443eb58d5805baa871926fe784e243ae27cd2bc33231bba19d39cdca98abda,pixel-art,linear-area,contain,none,linear RGB,RGB444 after,none,5,0.9995088572613506,0.006151156206221265,0.962962962962963,0.06535915385623489,3.0,1.0,1.0,0.0,0,1.0039757083859242,0.20216700000119658,2,clean but averages when phase is not integral,results/pixel_art_sprite/linear-area.png
pixel_art_sprite.png,72443eb58d5805baa871926fe784e243ae27cd2bc33231bba19d39cdca98abda,pixel-art,rgb444-before,contain,device RGB444,linear RGB,RGB444 before and after,none,5,0.9995088572613506,0.006151156206221265,0.962962962962963,0.06535915385623489,3.0,1.0,1.0,0.0,0,1.0039757083859242,0.14149999999979457,2,same visible result on this already device-realizable palette,results/pixel_art_sprite/rgb444-before.png
gradient.png,c6748a7cedbf587bb13fe640f832f422af23701f64ee47853debd981d58cd65b,gradient,nearest,contain,none,sRGB,RGB444 after,none,344,0.9861984627390344,0.013593157373231853,0.9931170108161258,0.006882028989991182,1.0,1.0,1.0,0.0,0,0.9540955461410411,0.14637499999992087,,not manually ranked,results/gradient/nearest.png
gradient.png,c6748a7cedbf587bb13fe640f832f422af23701f64ee47853debd981d58cd65b,gradient,bilinear,contain,none,sRGB,RGB444 after,none,306,0.9633918397136586,0.01395636053846248,0.9518935516888434,0.04642713213440129,1.0,1.0,1.0,0.0,0,0.877819605501724,0.2517920000002505,,not manually ranked,results/gradient/bilinear.png
gradient.png,c6748a7cedbf587bb13fe640f832f422af23701f64ee47853debd981d58cd65b,gradient,bicubic,contain,none,sRGB,RGB444 after,none,340,0.9866421080146655,0.013607301252572465,0.9931170108161258,0.006882028989991182,1.0,1.0,1.0,0.0,0,0.9554512101417768,0.3224590000012739,,not manually ranked,results/gradient/bicubic.png
gradient.png,c6748a7cedbf587bb13fe640f832f422af23701f64ee47853debd981d58cd65b,gradient,lanczos,contain,none,sRGB,RGB444 after,none,340,0.9868134849174506,0.01361165924149925,0.9931170108161258,0.006882028989991182,1.0,1.0,1.0,0.0,0,0.9559429954807035,0.5517090000015656,,not manually ranked,results/gradient/lanczos.png
gradient.png,c6748a7cedbf587bb13fe640f832f422af23701f64ee47853debd981d58cd65b,gradient,linear-area,contain,none,linear RGB,RGB444 after,none,340,0.986807317442244,0.013603404657124212,0.9931170108161258,0.006882028989991182,1.0,1.0,1.0,0.0,0,0.9559374199028363,1.2604590000009352,,not manually ranked,results/gradient/linear-area.png
gradient.png,c6748a7cedbf587bb13fe640f832f422af23701f64ee47853debd981d58cd65b,gradient,rgb444-before,contain,device RGB444,linear RGB,RGB444 before and after,none,341,0.9861924669038701,0.013598065241432929,0.9931170108161258,0.006882028989991182,1.0,1.0,1.0,0.0,0,0.95412423085819,1.3389589999999174,,not manually ranked,results/gradient/rgb444-before.png
gradient.png,c6748a7cedbf587bb13fe640f832f422af23701f64ee47853debd981d58cd65b,gradient,floyd-steinberg,contain,device RGB444,linear RGB,RGB444 during,serpentine Floyd–Steinberg,347,0.9420007490010044,0.016693974708013613,0.9861386138613861,0.013799512958366175,1.0,1.0,1.0,0.0,0,0.8297987770106725,5.787249999999133,,not manually ranked,results/gradient/floyd-steinberg.png
gradient.png,c6748a7cedbf587bb13fe640f832f422af23701f64ee47853debd981d58cd65b,gradient,jarvis-jjn,contain,device RGB444,linear RGB,RGB444 during,serpentine Jarvis/JJN,326,0.9443773716382757,0.015869548939944883,0.9861386138613861,0.013799512958366175,1.0,1.0,1.0,0.0,0,0.8828851678674674,14.141416000001072,,not manually ranked,results/gradient/jarvis-jjn.png
gradient.png,c6748a7cedbf587bb13fe640f832f422af23701f64ee47853debd981d58cd65b,gradient,ordered-bayer,contain,device RGB444,linear RGB,RGB444 during,4x4 Bayer,396,0.8973331073643134,0.019052723998780795,0.9960552268244576,0.003929273084479371,1.0,1.0,1.0,0.0,0,0.7624121053814212,1.2273330000009963,,not manually ranked,results/gradient/ordered-bayer.png
gradient.png,c6748a7cedbf587bb13fe640f832f422af23701f64ee47853debd981d58cd65b,gradient,blue-noise,contain,device RGB444,linear RGB,RGB444 during,deterministic high-pass rank mask,365,0.8958859444246023,0.0194666580577433,0.9570552147239264,0.04134114719693701,1.0,1.0,1.0,0.0,0,0.7140891448154871,1.361540999999633,,not manually ranked,results/gradient/blue-noise.png
transparent.png,7adde43bffc28d558fc7c665ce2ef9bdf2ef9e29dbec5c02d0ceeb7def03c585,artwork,nearest,contain,none,sRGB,RGB444 after,none,3,0.7481707221404471,0.06282894439817477,0.9199999999999999,0.07976441969144102,1.0,0.5632183908045977,0.25,0.0,0,0.8881100710498375,0.15287499999949716,,not manually ranked,results/transparent/nearest.png
transparent.png,7adde43bffc28d558fc7c665ce2ef9bdf2ef9e29dbec5c02d0ceeb7def03c585,artwork,bilinear,contain,none,sRGB,RGB444 after,none,32,0.9550893507409666,0.03407211821005745,0.9666011787819254,0.0333950903195924,1.0,0.8877551020408163,1.0,0.11197916666666667,0,0.9189965402812816,0.2448340000000826,,not manually ranked,results/transparent/bilinear.png
transparent.png,7adde43bffc28d558fc7c665ce2ef9bdf2ef9e29dbec5c02d0ceeb7def03c585,artwork,bicubic,contain,none,sRGB,RGB444 after,none,39,0.9569791459901814,0.02833874357454413,0.9641434262948209,0.03571882143764288,1.0,0.9444444444444444,1.0,0.109375,0,0.8810707510187383,0.2986659999990593,,not manually ranked,results/transparent/bicubic.png
transparent.png,7adde43bffc28d558fc7c665ce2ef9bdf2ef9e29dbec5c02d0ceeb7def03c585,artwork,lanczos,contain,none,sRGB,RGB444 after,none,41,0.9468713509168185,0.028396739675461097,0.9558232931726907,0.0437911449593391,1.0,0.9378531073446328,1.0,0.11979166666666667,0,0.893138779521354,0.5146670000009124,,not manually ranked,results/transparent/lanczos.png
transparent.png,7adde43bffc28d558fc7c665ce2ef9bdf2ef9e29dbec5c02d0ceeb7def03c585,artwork,linear-area,contain,none,linear RGB,RGB444 after,none,34,0.9993545663644889,0.005124515974225478,0.9960474308300395,0.003937007874015748,1.0,1.0,1.0,0.1171875,0,1.0191919451621727,1.1817910000004872,,not manually ranked,results/transparent/linear-area.png
transparent.png,7adde43bffc28d558fc7c665ce2ef9bdf2ef9e29dbec5c02d0ceeb7def03c585,artwork,rgb444-before,contain,device RGB444,linear RGB,RGB444 before and after,none,34,0.9991827137085068,0.006127666350630792,0.9960629921259843,0.003937007874015748,1.0,1.0,1.0,0.10677083333333333,0,1.033480976410999,1.300000000000523,,not manually ranked,results/transparent/rgb444-before.png
transparent.png,7adde43bffc28d558fc7c665ce2ef9bdf2ef9e29dbec5c02d0ceeb7def03c585,artwork,edge-enhanced,contain,none,linear RGB + OKLab L,RGB444 after,none,35,0.9969173100237794,0.009554622467408699,0.9921259842519685,0.007874015748031496,1.0,1.0,1.0,0.109375,0,0.9937097237993269,1.336291999999517,,not manually ranked,results/transparent/edge-enhanced.png
transparent.png,7adde43bffc28d558fc7c665ce2ef9bdf2ef9e29dbec5c02d0ceeb7def03c585,artwork,perceptual-palette,contain,OKLab k-means medoids,OKLab,palette then RGB444,none,3,0.9248586019179765,0.04144481084140627,0.9511278195488722,0.046932532713986286,1.0,0.8793103448275862,0.3333333333333333,0.03515625,0,1.07265080222682,2.401292000000055,,not manually ranked,results/transparent/perceptual-palette.png
transparent.png,7adde43bffc28d558fc7c665ce2ef9bdf2ef9e29dbec5c02d0ceeb7def03c585,artwork,palette-region,contain,OKLab semantic regions,OKLab,RGB444 during,none,3,0.7445973721092478,0.06195207292810605,0.9258517034068137,0.07384701912260967,1.0,0.5689655172413793,0.25,0.00390625,0,0.879822107187881,9.525041999999928,,not manually ranked,results/transparent/palette-region.png
transparent.png,7adde43bffc28d558fc7c665ce2ef9bdf2ef9e29dbec5c02d0ceeb7def03c585,artwork,contour-reraster,contain + contour simplification,OKLab regions,OKLab + polygons,RGB444 during,none,36,0.9442929049551588,0.029534385500024206,0.968,0.0317521285449075,1.0,0.9375,1.0,0.06640625,0,0.9245838494243019,99.55008399999876,,not manually ranked,results/transparent/contour-reraster.png
transparent.png,7adde43bffc28d558fc7c665ce2ef9bdf2ef9e29dbec5c02d0ceeb7def03c585,artwork,sdf-gridfit,contain + optical grid fit,OKLab regions,OKLab + signed distance,RGB444 during,none,3,0.7481707221404471,0.06282894439817477,0.9199999999999999,0.07976441969144102,1.0,0.5632183908045977,0.25,0.0,0,0.8881100710498375,238.1406669999997,,not manually ranked,results/transparent/sdf-gridfit.png
transparent.png,7adde43bffc28d558fc7c665ce2ef9bdf2ef9e29dbec5c02d0ceeb7def03c585,artwork,sdf-controlled,max 1.35x aspect stretch + optical grid fit,OKLab regions,OKLab + signed distance,RGB444 during,none,3,0.7481707221404471,0.06282894439817477,0.9199999999999999,0.07976441969144102,1.0,0.5632183908045977,0.25,0.0,0,0.8881100710498375,237.7184579999998,,not manually ranked,results/transparent/sdf-controlled.png
transparent.png,7adde43bffc28d558fc7c665ce2ef9bdf2ef9e29dbec5c02d0ceeb7def03c585,artwork,framebuffer-opt,contain + optical grid fit,OKLab regions,OKLab,RGB444 during,none,3,0.9108374802570226,0.041674840564669864,0.9471698113207547,0.051195366883487387,1.0,0.8620689655172413,0.3333333333333333,0.0,0,1.1013913136547373,443.6456250000003,,not manually ranked,results/transparent/framebuffer-opt.png
transparent.png,7adde43bffc28d558fc7c665ce2ef9bdf2ef9e29dbec5c02d0ceeb7def03c585,artwork,center-cover,center cover,none,linear RGB,RGB444 after,none,34,0.9993545663644889,0.005124515974225478,0.9960474308300395,0.003937007874015748,1.0,1.0,1.0,0.1171875,0,1.0191919451621727,1.2656660000001096,,not manually ranked,results/transparent/center-cover.png
transparent.png,7adde43bffc28d558fc7c665ce2ef9bdf2ef9e29dbec5c02d0ceeb7def03c585,artwork,foreground-trim,automatic corner-background trim,none,linear RGB,RGB444 after,none,27,0.9241273623505025,0.028500638903813706,0.9212598425196851,0.07874015748031496,1.0,0.8769230769230769,1.0,0.016927083333333332,0,1.0112555302539505,3.323165999999489,,not manually ranked,results/transparent/foreground-trim.png
transparent.png,7adde43bffc28d558fc7c665ce2ef9bdf2ef9e29dbec5c02d0ceeb7def03c585,artwork,seam-carve,bounded gradient seam carving,none,linear RGB,RGB444 after,none,34,0.9993545663644889,0.005124515974225478,0.9960474308300395,0.003937007874015748,1.0,1.0,1.0,0.1171875,0,1.0191919451621727,1.5944589999996595,,not manually ranked,results/transparent/seam-carve.png
transparent.png,7adde43bffc28d558fc7c665ce2ef9bdf2ef9e29dbec5c02d0ceeb7def03c585,artwork,controlled-aspect,contain plus max 1.35x horizontal optical stretch,none,linear RGB,RGB444 after,none,34,0.9993545663644889,0.005124515974225478,0.9960474308300395,0.003937007874015748,1.0,1.0,1.0,0.1171875,0,1.0191919451621727,1.1938340000003933,,not manually ranked,results/transparent/controlled-aspect.png
transparent.png,7adde43bffc28d558fc7c665ce2ef9bdf2ef9e29dbec5c02d0ceeb7def03c585,artwork,full-stretch,full nonuniform stretch,none,linear RGB,RGB444 after,none,34,0.9993545663644889,0.005124515974225478,0.9960474308300395,0.003937007874015748,1.0,1.0,1.0,0.1171875,0,1.0191919451621727,1.1313749999999345,,not manually ranked,results/transparent/full-stretch.png
black_on_white.png,27247ccaf94e30895ec3f8c0269e672e42dd1cbdeab761b6054c1cacdd75eca6,line,nearest,contain,none,sRGB,RGB444 after,none,2,0.8314274300347255,0.04076152074432007,0.8846153846153847,0.11502340547692551,1.4142135623730951,0.9453681710213777,1.0,0.0,0,1.0641618257207253,0.13308299999970075,,not manually ranked,results/black_on_white/nearest.png
black_on_white.png,27247ccaf94e30895ec3f8c0269e672e42dd1cbdeab761b6054c1cacdd75eca6,line,bilinear,contain,none,sRGB,RGB444 after,none,16,0.9565299634162179,0.02188160804115149,0.856140350877193,0.12576687116564417,1.0,0.9929245283018868,1.0,0.0,0,1.0894859488118271,0.2902499999990482,,not manually ranked,results/black_on_white/bilinear.png
black_on_white.png,27247ccaf94e30895ec3f8c0269e672e42dd1cbdeab761b6054c1cacdd75eca6,line,bicubic,contain,none,sRGB,RGB444 after,none,16,0.9501797823203577,0.022458153378506766,0.8500000000000001,0.13571280348620046,1.0,0.995249406175772,1.0,0.0,0,1.0334303109761727,0.31016699999852904,,not manually ranked,results/black_on_white/bicubic.png
black_on_white.png,27247ccaf94e30895ec3f8c0269e672e42dd1cbdeab761b6054c1cacdd75eca6,line,lanczos,contain,none,sRGB,RGB444 after,none,16,0.946971933509893,0.023033487282974593,0.8500000000000001,0.13571280348620046,1.0,0.9928741092636579,1.0,0.0,0,1.0304307628720313,0.4471249999991045,,not manually ranked,results/black_on_white/lanczos.png
black_on_white.png,27247ccaf94e30895ec3f8c0269e672e42dd1cbdeab761b6054c1cacdd75eca6,line,linear-area,contain,none,linear RGB,RGB444 after,none,13,0.9995416207635228,0.0013451608166708323,1.0,0.0,0.0,1.0,1.0,0.0,0,0.9969389269681564,0.7550829999996012,,not manually ranked,results/black_on_white/linear-area.png
black_on_white.png,27247ccaf94e30895ec3f8c0269e672e42dd1cbdeab761b6054c1cacdd75eca6,line,rgb444-before,contain,device RGB444,linear RGB,RGB444 before and after,none,13,0.9995416207635228,0.0013451608166708323,1.0,0.0,0.0,1.0,1.0,0.0,0,0.9969389269681564,0.8634169999996999,,not manually ranked,results/black_on_white/rgb444-before.png
black_on_white.png,27247ccaf94e30895ec3f8c0269e672e42dd1cbdeab761b6054c1cacdd75eca6,line,edge-enhanced,contain,none,linear RGB + OKLab L,RGB444 after,none,13,0.9976370438180455,0.0042079404403016375,1.0,0.0,0.0,1.0,1.0,0.0,0,0.9917900555847727,0.9952920000007026,,not manually ranked,results/black_on_white/edge-enhanced.png
black_on_white.png,27247ccaf94e30895ec3f8c0269e672e42dd1cbdeab761b6054c1cacdd75eca6,line,perceptual-palette,contain,OKLab k-means medoids,OKLab,palette then RGB444,none,2,0.9230498773982848,0.05539377791432719,0.9508196721311475,0.04918032786885246,1.0,0.9904988123515439,1.0,0.0,0,0.945677457651264,1.2903330000000324,,not manually ranked,results/black_on_white/perceptual-palette.png
black_on_white.png,27247ccaf94e30895ec3f8c0269e672e42dd1cbdeab761b6054c1cacdd75eca6,line,palette-region,contain,OKLab semantic regions,OKLab,RGB444 during,none,2,0.7682386904892706,0.052809424679051864,0.8031496062992125,0.19560357675111772,1.0,0.9192399049881235,1.0,0.0,0,1.020904288545985,4.251874999999572,,not manually ranked,results/black_on_white/palette-region.png
black_on_white.png,27247ccaf94e30895ec3f8c0269e672e42dd1cbdeab761b6054c1cacdd75eca6,line,contour-reraster,contain + contour simplification,OKLab regions,OKLab + polygons,RGB444 during,none,15,0.9415070716575811,0.02422204386491876,0.8447653429602887,0.14307244843997885,1.0,0.997624703087886,1.0,0.0,0,1.0284088835955958,52.02283400000063,,not manually ranked,results/black_on_white/contour-reraster.png
black_on_white.png,27247ccaf94e30895ec3f8c0269e672e42dd1cbdeab761b6054c1cacdd75eca6,line,sdf-gridfit,contain + optical grid fit,OKLab regions,OKLab + signed distance,RGB444 during,none,2,0.9066057552280091,0.028087303637918275,0.9435483870967741,0.05620608899297423,1.0,0.9786223277909739,1.0,0.0,0,0.9743916254428088,156.65179099999983,,not manually ranked,results/black_on_white/sdf-gridfit.png
black_on_white.png,27247ccaf94e30895ec3f8c0269e672e42dd1cbdeab761b6054c1cacdd75eca6,line,sdf-controlled,max 1.35x aspect stretch + optical grid fit,OKLab regions,OKLab + signed distance,RGB444 during,none,2,0.9066057552280091,0.028087303637918275,0.9435483870967741,0.05620608899297423,1.0,0.9786223277909739,1.0,0.0,0,0.9743916254428088,157.5028329999988,,not manually ranked,results/black_on_white/sdf-controlled.png
black_on_white.png,27247ccaf94e30895ec3f8c0269e672e42dd1cbdeab761b6054c1cacdd75eca6,line,framebuffer-opt,contain + optical grid fit,OKLab regions,OKLab,RGB444 during,none,2,0.9203899546896614,0.02531806854387751,0.9508196721311475,0.04918032786885246,1.0,0.9904988123515439,1.0,0.0,0,0.9456774576512639,335.3923330000015,,not manually ranked,results/black_on_white/framebuffer-opt.png
black_on_white.png,27247ccaf94e30895ec3f8c0269e672e42dd1cbdeab761b6054c1cacdd75eca6,line,foreground-trim,automatic corner-background trim,none,linear RGB,RGB444 after,none,13,0.30225862708059276,0.2012540611539208,0.4110429447852761,1.1811888364066283,7.810249675906654,0.75177304964539,1.0,0.0,0,1.7354343714176188,2.5312920000004624,,not manually ranked,results/black_on_white/foreground-trim.png
white_on_black.png,f9194dbdb9bf34d651e7d013b7985f7f0ab9624fc306e6ad67393e76a05ac7ab,line,nearest,contain,none,sRGB,RGB444 after,none,2,0.7385894517224967,0.062320022371858415,0.9235668789808917,0.0733881471833279,1.0,0.41304347826086957,1.0,0.0,2,0.6361771048093203,0.1494580000009904,,not manually ranked,results/white_on_black/nearest.png
white_on_black.png,f9194dbdb9bf34d651e7d013b7985f7f0ab9624fc306e6ad67393e76a05ac7ab,line,bilinear,contain,none,sRGB,RGB444 after,none,12,0.9302231415162403,0.035741813288671875,0.9693251533742331,0.030346385542168675,1.0,0.8932038834951457,1.0,0.13671875,0,1.001716246137621,0.21754199999968193,,not manually ranked,results/white_on_black/bilinear.png
white_on_black.png,f9194dbdb9bf34d651e7d013b7985f7f0ab9624fc306e6ad67393e76a05ac7ab,line,bicubic,contain,none,sRGB,RGB444 after,none,14,0.9246558857242844,0.029737046959959497,0.9503105590062112,0.048772011121408713,1.0,0.9130434782608695,1.0,0.16015625,0,0.9386358561888756,0.3357920000013337,,not manually ranked,results/white_on_black/bicubic.png
white_on_black.png,f9194dbdb9bf34d651e7d013b7985f7f0ab9624fc306e6ad67393e76a05ac7ab,line,lanczos,contain,none,sRGB,RGB444 after,none,15,0.909891084322547,0.031027967935469494,0.9418960244648319,0.05788370874803562,1.0,0.7978723404255319,0.3333333333333333,0.140625,0,0.9112876129854265,0.4845840000005097,,not manually ranked,results/white_on_black/lanczos.png
white_on_black.png,f9194dbdb9bf34d651e7d013b7985f7f0ab9624fc306e6ad67393e76a05ac7ab,line,linear-area,contain,none,linear RGB,RGB444 after,none,14,0.9996802569183709,0.002423516924516209,0.9909365558912386,0.0090543994158452,1.0,1.0,1.0,0.16015625,0,0.9841714877123818,1.1085839999989133,,not manually ranked,results/white_on_black/linear-area.png
white_on_black.png,f9194dbdb9bf34d651e7d013b7985f7f0ab9624fc306e6ad67393e76a05ac7ab,line,rgb444-before,contain,device RGB444,linear RGB,RGB444 before and after,none,14,0.9996802569183709,0.002423516924516209,0.9909365558912386,0.0090543994158452,1.0,1.0,1.0,0.16015625,0,0.9841714877123818,1.2080409999999375,,not manually ranked,results/white_on_black/rgb444-before.png
white_on_black.png,f9194dbdb9bf34d651e7d013b7985f7f0ab9624fc306e6ad67393e76a05ac7ab,line,edge-enhanced,contain,none,linear RGB + OKLab L,RGB444 after,none,15,0.9979155775719759,0.006084974676740721,0.996996996996997,0.0029940119760479044,1.0,1.0,1.0,0.12890625,0,0.9956873120602002,1.385792000000663,,not manually ranked,results/white_on_black/edge-enhanced.png
white_on_black.png,f9194dbdb9bf34d651e7d013b7985f7f0ab9624fc306e6ad67393e76a05ac7ab,line,perceptual-palette,contain,OKLab k-means medoids,OKLab,palette then RGB444,none,2,0.9241239888434554,0.030597423329232216,0.9162011173184358,0.07894076305220885,1.0,0.8043478260869565,1.0,0.015625,0,1.0324116482360406,1.7018330000002635,,not manually ranked,results/white_on_black/perceptual-palette.png
white_on_black.png,f9194dbdb9bf34d651e7d013b7985f7f0ab9624fc306e6ad67393e76a05ac7ab,line,palette-region,contain,OKLab semantic regions,OKLab,RGB444 during,none,2,0.6759835016394585,0.06514626878861315,0.8954248366013072,0.09806368330464717,1.0,0.3695652173913043,0.3333333333333333,0.015625,4,0.8018891791597466,4.379458999999031,,not manually ranked,results/white_on_black/palette-region.png
white_on_black.png,f9194dbdb9bf34d651e7d013b7985f7f0ab9624fc306e6ad67393e76a05ac7ab,line,contour-reraster,contain + contour simplification,OKLab regions,OKLab + polygons,RGB444 during,none,14,0.9219311234047224,0.026687652713804633,0.9408099688473519,0.058083948698017876,1.0,0.8804347826086957,1.0,0.08984375,0,0.8895769428376115,53.7422920000008,,not manually ranked,results/white_on_black/contour-reraster.png
white_on_black.png,f9194dbdb9bf34d651e7d013b7985f7f0ab9624fc306e6ad67393e76a05ac7ab,line,sdf-gridfit,contain + optical grid fit,OKLab regions,OKLab + signed distance,RGB444 during,none,2,0.7385894517224967,0.062320022371858415,0.9235668789808917,0.0733881471833279,1.0,0.41304347826086957,1.0,0.0,2,0.6361771048093203,173.08058400000093,,not manually ranked,results/white_on_black/sdf-gridfit.png
white_on_black.png,f9194dbdb9bf34d651e7d013b7985f7f0ab9624fc306e6ad67393e76a05ac7ab,line,sdf-controlled,max 1.35x aspect stretch + optical grid fit,OKLab regions,OKLab + signed distance,RGB444 during,none,2,0.7385894517224967,0.062320022371858415,0.9235668789808917,0.0733881471833279,1.0,0.41304347826086957,1.0,0.0,2,0.6361771048093203,176.2210419999999,,not manually ranked,results/white_on_black/sdf-controlled.png
white_on_black.png,f9194dbdb9bf34d651e7d013b7985f7f0ab9624fc306e6ad67393e76a05ac7ab,line,framebuffer-opt,contain + optical grid fit,OKLab regions,OKLab,RGB444 during,none,2,0.8981889457825594,0.04539830025200403,0.9204545454545455,0.0765643218033424,1.0,0.717391304347826,1.0,0.0,0,0.9883079991150848,274.8711250000007,,not manually ranked,results/white_on_black/framebuffer-opt.png
white_on_black.png,f9194dbdb9bf34d651e7d013b7985f7f0ab9624fc306e6ad67393e76a05ac7ab,line,foreground-trim,automatic corner-background trim,none,linear RGB,RGB444 after,none,13,0.463583363113772,0.1269019674609995,0.6857142857142857,0.3652813019976008,2.0,0.4084507042253521,1.0,0.01171875,0,1.1685392090939108,2.98562500000088,,not manually ranked,results/white_on_black/foreground-trim.png
colorful_cartoon.png,66d2421c19563f766af6e3cbf9f02ed61ff93a7aad171adbcfdf752859192caa,cartoon,nearest,contain,none,sRGB,RGB444 after,none,7,0.8392528962362504,0.047407125254527685,0.8097165991902834,0.20686242641882954,4.47213595499958,0.9285714285714286,1.0,0.0,0,1.0080913896678072,0.1484170000001228,,not manually ranked,results/colorful_cartoon/nearest.png
colorful_cartoon.png,66d2421c19563f766af6e3cbf9f02ed61ff93a7aad171adbcfdf752859192caa,cartoon,bilinear,contain,none,sRGB,RGB444 after,none,87,0.9623162804377282,0.0314197596698629,0.9210526315789473,0.17132558783124904,5.385164807134504,0.9792746113989638,1.0,0.0,0,1.0560168018212608,0.23929199999983553,,not manually ranked,results/colorful_cartoon/bilinear.png
colorful_cartoon.png,66d2421c19563f766af6e3cbf9f02ed61ff93a7aad171adbcfdf752859192caa,cartoon,bicubic,contain,none,sRGB,RGB444 after,none,77,0.9476242176134149,0.03045275183469057,0.9391304347826087,0.060798548094373864,1.0,0.9894736842105263,1.0,0.0,0,1.0182876057799684,0.3017910000000512,,not manually ranked,results/colorful_cartoon/bicubic.png
colorful_cartoon.png,66d2421c19563f766af6e3cbf9f02ed61ff93a7aad171adbcfdf752859192caa,cartoon,lanczos,contain,none,sRGB,RGB444 after,none,91,0.9196545636760776,0.031142898084043438,0.9298245614035087,0.06988916256157636,1.0,0.9894179894179894,1.0,0.0,0,1.0333291270948513,0.49049999999972727,,not manually ranked,results/colorful_cartoon/lanczos.png
colorful_cartoon.png,66d2421c19563f766af6e3cbf9f02ed61ff93a7aad171adbcfdf752859192caa,cartoon,linear-area,contain,none,linear RGB,RGB444 after,none,69,0.9939094262975271,0.016561730285782623,0.9913793103448276,0.008620689655172414,1.0,1.0,1.0,0.0,0,1.0172839227716326,1.2399590000011784,,not manually ranked,results/colorful_cartoon/linear-area.png
colorful_cartoon.png,66d2421c19563f766af6e3cbf9f02ed61ff93a7aad171adbcfdf752859192caa,cartoon,rgb444-before,contain,device RGB444,linear RGB,RGB444 before and after,none,64,0.995580141540402,0.017929767496400923,0.9913793103448276,0.008620689655172414,1.0,1.0,1.0,0.0,0,1.0089995893195554,1.369708000000358,,not manually ranked,results/colorful_cartoon/rgb444-before.png
colorful_cartoon.png,66d2421c19563f766af6e3cbf9f02ed61ff93a7aad171adbcfdf752859192caa,cartoon,floyd-steinberg,contain,device RGB444,linear RGB,RGB444 during,serpentine Floyd–Steinberg,95,0.8977495893727807,0.017620451260938724,0.9913043478260869,0.008620689655172414,1.0,1.0,1.0,0.0,0,1.0124472906047703,5.912542000000798,,not manually ranked,results/colorful_cartoon/floyd-steinberg.png
colorful_cartoon.png,66d2421c19563f766af6e3cbf9f02ed61ff93a7aad171adbcfdf752859192caa,cartoon,jarvis-jjn,contain,device RGB444,linear RGB,RGB444 during,serpentine Jarvis/JJN,91,0.8991475738771739,0.017167316974633168,0.9596412556053812,0.13145489817607664,5.385164807134504,1.0,1.0,0.0,0,1.0454164495464726,14.069667000001118,,not manually ranked,results/colorful_cartoon/jarvis-jjn.png
colorful_cartoon.png,66d2421c19563f766af6e3cbf9f02ed61ff93a7aad171adbcfdf752859192caa,cartoon,ordered-bayer,contain,device RGB444,linear RGB,RGB444 during,4x4 Bayer,87,0.8745124754166558,0.018840709797383885,0.9956709956709957,0.004310344827586207,1.0,1.0,1.0,0.0,0,1.0166924229468937,1.1663329999986871,,not manually ranked,results/colorful_cartoon/ordered-bayer.png
colorful_cartoon.png,66d2421c19563f766af6e3cbf9f02ed61ff93a7aad171adbcfdf752859192caa,cartoon,blue-noise,contain,device RGB444,linear RGB,RGB444 during,deterministic high-pass rank mask,82,0.8807927511875956,0.01838805071868547,0.9779735682819383,0.021551724137931036,1.0,1.0,1.0,0.0,0,1.0577272884961904,1.316707999999167,,not manually ranked,results/colorful_cartoon/blue-noise.png
asymmetric_logo.png,3992fcb51779b20d46d70132991988456a3f5fd565b10ce5320ae0cff885600b,artwork,nearest,contain,none,sRGB,RGB444 after,none,4,0.6256296338670986,0.11078190978377267,0.796551724137931,0.18288934426229508,1.0,0.6367713004484304,1.0,0.0,0,0.732301962190617,0.1479159999995261,,not manually ranked,results/asymmetric_logo/nearest.png
asymmetric_logo.png,3992fcb51779b20d46d70132991988456a3f5fd565b10ce5320ae0cff885600b,artwork,bilinear,contain,none,sRGB,RGB444 after,none,46,0.903544458830231,0.06221255911548847,0.9678362573099416,0.03186576354679803,1.0,0.9253112033195021,1.0,0.0,0,0.8860157591927511,0.24633299999976543,,not manually ranked,results/asymmetric_logo/bilinear.png
asymmetric_logo.png,3992fcb51779b20d46d70132991988456a3f5fd565b10ce5320ae0cff885600b,artwork,bicubic,contain,none,sRGB,RGB444 after,none,39,0.9184336260311855,0.05507426475771751,0.9761194029850746,0.023871899059024808,1.0,0.9523809523809523,1.0,0.0,0,0.8391467386472716,0.31312499999991417,,not manually ranked,results/asymmetric_logo/bicubic.png
asymmetric_logo.png,3992fcb51779b20d46d70132991988456a3f5fd565b10ce5320ae0cff885600b,artwork,lanczos,contain,none,sRGB,RGB444 after,none,53,0.925684094565924,0.05075154191875776,0.9714285714285714,0.028463779128672748,1.0,0.9313304721030042,0.3333333333333333,0.0,2,0.8364698586460624,0.5004579999994263,,not manually ranked,results/asymmetric_logo/lanczos.png
asymmetric_logo.png,3992fcb51779b20d46d70132991988456a3f5fd565b10ce5320ae0cff885600b,artwork,linear-area,contain,none,linear RGB,RGB444 after,none,38,0.9990920010273854,0.007457499912918638,0.9970149253731343,0.002976190476190476,1.0,1.0,1.0,0.0,0,0.9909332644392588,1.1546660000014697,,not manually ranked,results/asymmetric_logo/linear-area.png
asymmetric_logo.png,3992fcb51779b20d46d70132991988456a3f5fd565b10ce5320ae0cff885600b,artwork,rgb444-before,contain,device RGB444,linear RGB,RGB444 before and after,none,35,0.9990724905421161,0.007828603815544573,0.9985096870342772,0.001488095238095238,1.0,1.0,1.0,0.0,0,1.0154958971929537,1.2565840000000605,,not manually ranked,results/asymmetric_logo/rgb444-before.png
asymmetric_logo.png,3992fcb51779b20d46d70132991988456a3f5fd565b10ce5320ae0cff885600b,artwork,edge-enhanced,contain,none,linear RGB + OKLab L,RGB444 after,none,38,0.9971189968124766,0.012289091520775237,0.9940298507462687,0.005961291702309666,1.0,1.0,1.0,0.0,0,0.9852010438786645,1.3208750000011094,,not manually ranked,results/asymmetric_logo/edge-enhanced.png
asymmetric_logo.png,3992fcb51779b20d46d70132991988456a3f5fd565b10ce5320ae0cff885600b,artwork,perceptual-palette,contain,OKLab k-means medoids,OKLab,palette then RGB444,none,4,0.983348570918677,0.03825357643885893,0.9849397590361445,0.01491724738675958,1.0,0.9865470852017937,1.0,0.0,0,1.0316858886067806,2.2107079999997836,,not manually ranked,results/asymmetric_logo/perceptual-palette.png
asymmetric_logo.png,3992fcb51779b20d46d70132991988456a3f5fd565b10ce5320ae0cff885600b,artwork,palette-region,contain,OKLab semantic regions,OKLab,RGB444 during,none,4,0.4790723304526132,0.1407617558042445,0.6895238095238095,0.37497454300982774,4.123105625617661,0.5022421524663677,0.2,0.0,3,0.5056793798993802,7.369374999999678,,not manually ranked,results/asymmetric_logo/palette-region.png
asymmetric_logo.png,3992fcb51779b20d46d70132991988456a3f5fd565b10ce5320ae0cff885600b,artwork,contour-reraster,contain + contour simplification,OKLab regions,OKLab + polygons,RGB444 during,none,34,0.9279000612086646,0.05447091439609669,0.9834087481146304,0.016410004368719963,1.0,0.9910313901345291,1.0,0.0,0,0.8340138324103893,127.88454200000032,,not manually ranked,results/asymmetric_logo/contour-reraster.png
asymmetric_logo.png,3992fcb51779b20d46d70132991988456a3f5fd565b10ce5320ae0cff885600b,artwork,sdf-gridfit,contain + optical grid fit,OKLab regions,OKLab + signed distance,RGB444 during,none,4,0.6322797998648033,0.11084933314422894,0.7931034482758621,0.18642661982825917,1.0,0.6547085201793722,0.3333333333333333,0.0,0,0.7566145840541061,284.7705410000003,,not manually ranked,results/asymmetric_logo/sdf-gridfit.png
asymmetric_logo.png,3992fcb51779b20d46d70132991988456a3f5fd565b10ce5320ae0cff885600b,artwork,sdf-controlled,max 1.35x aspect stretch + optical grid fit,OKLab regions,OKLab + signed distance,RGB444 during,none,4,0.6322797998648033,0.11084933314422894,0.7931034482758621,0.18642661982825917,1.0,0.6547085201793722,0.3333333333333333,0.0,0,0.7566145840541061,288.75083299999994,,not manually ranked,results/asymmetric_logo/sdf-controlled.png
asymmetric_logo.png,3992fcb51779b20d46d70132991988456a3f5fd565b10ce5320ae0cff885600b,artwork,framebuffer-opt,contain + optical grid fit,OKLab regions,OKLab,RGB444 during,none,4,0.9570500695775794,0.05768919753457872,0.9778434268833088,0.022103232788716662,1.0,0.9596412556053812,1.0,0.0,0,0.9783927046983982,863.6118340000003,,not manually ranked,results/asymmetric_logo/framebuffer-opt.png
asymmetric_logo.png,3992fcb51779b20d46d70132991988456a3f5fd565b10ce5320ae0cff885600b,artwork,center-cover,center cover,none,linear RGB,RGB444 after,none,38,0.9990920010273854,0.007457499912918638,0.9970149253731343,0.002976190476190476,1.0,1.0,1.0,0.0,0,0.9909332644392588,1.222416999999254,,not manually ranked,results/asymmetric_logo/center-cover.png
asymmetric_logo.png,3992fcb51779b20d46d70132991988456a3f5fd565b10ce5320ae0cff885600b,artwork,foreground-trim,automatic corner-background trim,none,linear RGB,RGB444 after,none,28,0.20957379415836555,0.29465358059660934,0.739010989010989,0.3117954144286529,3.0,0.41853932584269665,1.0,0.0,0,1.0943739889847257,3.046917000000704,,not manually ranked,results/asymmetric_logo/foreground-trim.png
asymmetric_logo.png,3992fcb51779b20d46d70132991988456a3f5fd565b10ce5320ae0cff885600b,artwork,seam-carve,bounded gradient seam carving,none,linear RGB,RGB444 after,none,38,0.9990920010273854,0.007457499912918638,0.9970149253731343,0.002976190476190476,1.0,1.0,1.0,0.0,0,0.9909332644392588,1.3440419999994901,,not manually ranked,results/asymmetric_logo/seam-carve.png
asymmetric_logo.png,3992fcb51779b20d46d70132991988456a3f5fd565b10ce5320ae0cff885600b,artwork,controlled-aspect,contain plus max 1.35x horizontal optical stretch,none,linear RGB,RGB444 after,none,38,0.9990920010273854,0.007457499912918638,0.9970149253731343,0.002976190476190476,1.0,1.0,1.0,0.0,0,0.9909332644392588,1.3242909999995334,,not manually ranked,results/asymmetric_logo/controlled-aspect.png
asymmetric_logo.png,3992fcb51779b20d46d70132991988456a3f5fd565b10ce5320ae0cff885600b,artwork,full-stretch,full nonuniform stretch,none,linear RGB,RGB444 after,none,38,0.9990920010273854,0.007457499912918638,0.9970149253731343,0.002976190476190476,1.0,1.0,1.0,0.0,0,0.9909332644392588,1.1829159999994232,,not manually ranked,results/asymmetric_logo/full-stretch.png
portrait_photo_synthetic.png,b97e3c9805ad8c2b42265f4df892fadcbde64a68a91fe09622f7a0e46592141c,photo,nearest,contain,none,sRGB,RGB444 after,none,19,0.9653247903870192,0.012875093658585069,0.9583333333333334,0.04160011111882769,1.0,1.0,1.0,0.0,0,0.9726312747476904,0.16316700000018614,,not manually ranked,results/portrait_photo_synthetic/nearest.png
portrait_photo_synthetic.png,b97e3c9805ad8c2b42265f4df892fadcbde64a68a91fe09622f7a0e46592141c,photo,bilinear,contain,none,sRGB,RGB444 after,none,24,0.9903307195405067,0.009048237142967909,0.9831932773109243,0.01680672268907563,1.0,1.0,1.0,0.0,0,0.9891112779630132,0.33824999999865213,,not manually ranked,results/portrait_photo_synthetic/bilinear.png
portrait_photo_synthetic.png,b97e3c9805ad8c2b42265f4df892fadcbde64a68a91fe09622f7a0e46592141c,photo,bicubic,contain,none,sRGB,RGB444 after,none,26,0.9906514370096637,0.009214671896579457,0.9658119658119659,0.03390573620752649,1.0,1.0,1.0,0.0,0,0.9379948606251675,0.4127500000006279,,not manually ranked,results/portrait_photo_synthetic/bicubic.png
portrait_photo_synthetic.png,b97e3c9805ad8c2b42265f4df892fadcbde64a68a91fe09622f7a0e46592141c,photo,lanczos,contain,none,sRGB,RGB444 after,none,25,0.9895772930978399,0.009431251024838536,0.9568965517241379,0.04246300290027515,1.0,1.0,1.0,0.0,0,0.9105776947781378,0.6070420000003907,,not manually ranked,results/portrait_photo_synthetic/lanczos.png
portrait_photo_synthetic.png,b97e3c9805ad8c2b42265f4df892fadcbde64a68a91fe09622f7a0e46592141c,photo,linear-area,contain,none,linear RGB,RGB444 after,none,20,0.9978123319462815,0.006656446562999478,0.9833333333333334,0.01659837488714494,1.0,1.0,1.0,0.0,0,1.0271234258707165,1.5344999999999942,,not manually ranked,results/portrait_photo_synthetic/linear-area.png
portrait_photo_synthetic.png,b97e3c9805ad8c2b42265f4df892fadcbde64a68a91fe09622f7a0e46592141c,photo,rgb444-before,contain,device RGB444,linear RGB,RGB444 before and after,none,19,0.9985562256774263,0.006738691412801161,0.975,0.024932286964372524,1.0,1.0,1.0,0.0,0,1.01983272259245,1.5820409999989238,,not manually ranked,results/portrait_photo_synthetic/rgb444-before.png
portrait_photo_synthetic.png,b97e3c9805ad8c2b42265f4df892fadcbde64a68a91fe09622f7a0e46592141c,photo,edge-enhanced,contain,none,linear RGB + OKLab L,RGB444 after,none,27,0.9966331622131204,0.007329176675622337,0.9829059829059829,0.01680672268907563,1.0,1.0,1.0,0.0,0,0.9777572000997489,1.6607499999992115,,not manually ranked,results/portrait_photo_synthetic/edge-enhanced.png
portrait_photo_synthetic.png,b97e3c9805ad8c2b42265f4df892fadcbde64a68a91fe09622f7a0e46592141c,photo,perceptual-palette,contain,OKLab k-means medoids,OKLab,palette then RGB444,none,8,0.9970320610092489,0.007752786897780058,0.9873417721518987,0.012640649480131036,1.0,1.0,1.0,0.0,0,0.9968757018545198,3.0450829999999485,,not manually ranked,results/portrait_photo_synthetic/perceptual-palette.png
portrait_photo_synthetic.png,b97e3c9805ad8c2b42265f4df892fadcbde64a68a91fe09622f7a0e46592141c,photo,floyd-steinberg,contain,device RGB444,linear RGB,RGB444 during,serpentine Floyd–Steinberg,32,0.9900549561072585,0.008031829928997723,0.9915966386554622,0.008403361344537815,1.0,1.0,1.0,0.0,0,1.0252747610023771,6.192417000001171,,not manually ranked,results/portrait_photo_synthetic/floyd-steinberg.png
portrait_photo_synthetic.png,b97e3c9805ad8c2b42265f4df892fadcbde64a68a91fe09622f7a0e46592141c,photo,jarvis-jjn,contain,device RGB444,linear RGB,RGB444 during,serpentine Jarvis/JJN,28,0.9882124236807996,0.007546505971163396,0.9875518672199171,0.012295081967213115,1.0,1.0,1.0,0.0,0,1.035898284978631,14.175666999999947,,not manually ranked,results/portrait_photo_synthetic/jarvis-jjn.png
portrait_photo_synthetic.png,b97e3c9805ad8c2b42265f4df892fadcbde64a68a91fe09622f7a0e46592141c,photo,ordered-bayer,contain,device RGB444,linear RGB,RGB444 during,4x4 Bayer,31,0.9759489273776376,0.009321613981070457,0.9872340425531915,0.012605042016806723,1.0,1.0,1.0,0.0,0,0.9815709423563681,1.6140000000000043,,not manually ranked,results/portrait_photo_synthetic/ordered-bayer.png
portrait_photo_synthetic.png,b97e3c9805ad8c2b42265f4df892fadcbde64a68a91fe09622f7a0e46592141c,photo,blue-noise,contain,device RGB444,linear RGB,RGB444 during,deterministic high-pass rank mask,31,0.9765028492506668,0.00953011793140043,0.9752066115702479,0.024526883924301426,1.0,1.0,1.0,0.0,0,1.029475093602745,1.5522499999995887,,not manually ranked,results/portrait_photo_synthetic/blue-noise.png
portrait_photo_synthetic.png,b97e3c9805ad8c2b42265f4df892fadcbde64a68a91fe09622f7a0e46592141c,photo,structure-dither,contain,device RGB444,linear RGB,RGB444 during,Floyd–Steinberg excluded from edges,26,0.9892588128766469,0.007184086528857957,0.9794238683127572,0.020161290322580645,1.0,1.0,1.0,0.0,0,1.036678384881478,5.5003330000005235,,not manually ranked,results/portrait_photo_synthetic/structure-dither.png
portrait_photo_synthetic.png,b97e3c9805ad8c2b42265f4df892fadcbde64a68a91fe09622f7a0e46592141c,photo,center-cover,center cover,none,linear RGB,RGB444 after,none,28,0.05885608400514512,0.3079489204356419,0.32098765432098764,0.9945215151145721,3.0,0.375,1.0,0.0,0,1.0895584274495997,0.6845410000000385,,not manually ranked,results/portrait_photo_synthetic/center-cover.png
portrait_photo_synthetic.png,b97e3c9805ad8c2b42265f4df892fadcbde64a68a91fe09622f7a0e46592141c,photo,saliency-cover,saliency cover,none,linear RGB,RGB444 after,none,27,0.03596539631602896,0.3020356216937342,0.36,0.9697683283972656,3.1622776601683795,0.375,1.0,0.0,0,1.1439598306661785,4.818874999999778,,not manually ranked,results/portrait_photo_synthetic/saliency-cover.png
portrait_photo_synthetic.png,b97e3c9805ad8c2b42265f4df892fadcbde64a68a91fe09622f7a0e46592141c,photo,seam-carve,bounded gradient seam carving,none,linear RGB,RGB444 after,none,26,0.059583038471200445,0.2676109650755883,0.3601532567049809,0.9383873448554969,3.1622776601683795,0.375,1.0,0.0,0,1.3369969852529717,42.20362499999908,,not manually ranked,results/portrait_photo_synthetic/seam-carve.png
portrait_photo_synthetic.png,b97e3c9805ad8c2b42265f4df892fadcbde64a68a91fe09622f7a0e46592141c,photo,controlled-aspect,contain plus max 1.35x horizontal optical stretch,none,linear RGB,RGB444 after,none,22,0.5937830676736462,0.050595471609778744,0.3524590163934426,0.8495161943255982,2.0,0.75,1.0,0.0,0,1.0999231268993355,1.6115830000007492,,not manually ranked,results/portrait_photo_synthetic/controlled-aspect.png
portrait_photo_synthetic.png,b97e3c9805ad8c2b42265f4df892fadcbde64a68a91fe09622f7a0e46592141c,photo,full-stretch,full nonuniform stretch,none,linear RGB,RGB444 after,none,26,0.1399231167482065,0.22356396688853397,0.44642857142857145,0.8069975578332966,4.123105625617661,0.375,1.0,0.0,0,1.0156045981955482,1.6206250000010414,,not manually ranked,results/portrait_photo_synthetic/full-stretch.png
landscape_photo_synthetic.png,f4dffd3b1ab6ffc997f450979e2007b64cdd02141e827f20762c1fdb08b2760d,photo,nearest,contain,none,sRGB,RGB444 after,none,68,0.8672335028311472,0.024019521715722802,0.9528795811518325,0.05208159057586631,2.23606797749979,1.0,1.0,0.0,0,1.0582376062595074,0.21587500000030957,,not manually ranked,results/landscape_photo_synthetic/nearest.png
landscape_photo_synthetic.png,f4dffd3b1ab6ffc997f450979e2007b64cdd02141e827f20762c1fdb08b2760d,photo,bilinear,contain,none,sRGB,RGB444 after,none,34,0.9616136820879757,0.014210258942572707,0.9565217391304348,0.043478260869565216,1.0,1.0,1.0,0.0,0,0.9999500951162331,0.44508299999890255,,not manually ranked,results/landscape_photo_synthetic/bilinear.png
landscape_photo_synthetic.png,f4dffd3b1ab6ffc997f450979e2007b64cdd02141e827f20762c1fdb08b2760d,photo,bicubic,contain,none,sRGB,RGB444 after,none,40,0.9625250675508894,0.014353711956766296,0.9625668449197862,0.03936542607198654,1.4142135623730951,1.0,1.0,0.0,0,1.0024986279343124,0.5811659999999108,,not manually ranked,results/landscape_photo_synthetic/bicubic.png
landscape_photo_synthetic.png,f4dffd3b1ab6ffc997f450979e2007b64cdd02141e827f20762c1fdb08b2760d,photo,lanczos,contain,none,sRGB,RGB444 after,none,39,0.9608079280563329,0.014642266977315146,0.9784946236559139,0.02359549304685041,1.4142135623730951,1.0,1.0,0.0,0,1.0076069761935942,0.784791999999257,,not manually ranked,results/landscape_photo_synthetic/lanczos.png
landscape_photo_synthetic.png,f4dffd3b1ab6ffc997f450979e2007b64cdd02141e827f20762c1fdb08b2760d,photo,linear-area,contain,none,linear RGB,RGB444 after,none,33,0.9647763760632917,0.013031017159813049,0.9784946236559139,0.02359549304685041,1.4142135623730951,1.0,1.0,0.0,0,1.0026523374581318,2.2165829999991615,,not manually ranked,results/landscape_photo_synthetic/linear-area.png
landscape_photo_synthetic.png,f4dffd3b1ab6ffc997f450979e2007b64cdd02141e827f20762c1fdb08b2760d,photo,rgb444-before,contain,device RGB444,linear RGB,RGB444 before and after,none,33,0.9649950253765833,0.013102905152498756,0.9837837837837837,0.01841442541715315,1.4142135623730951,1.0,1.0,0.0,0,1.0026150462117338,2.496707999998904,,not manually ranked,results/landscape_photo_synthetic/rgb444-before.png
landscape_photo_synthetic.png,f4dffd3b1ab6ffc997f450979e2007b64cdd02141e827f20762c1fdb08b2760d,photo,edge-enhanced,contain,none,linear RGB + OKLab L,RGB444 after,none,37,0.9638474074767787,0.01422825687837183,0.9836065573770493,0.0163640707118968,1.0,1.0,1.0,0.0,0,0.9710164528755687,2.2986249999998876,,not manually ranked,results/landscape_photo_synthetic/edge-enhanced.png
landscape_photo_synthetic.png,f4dffd3b1ab6ffc997f450979e2007b64cdd02141e827f20762c1fdb08b2760d,photo,perceptual-palette,contain,OKLab k-means medoids,OKLab,palette then RGB444,none,8,0.9088419917713162,0.019984851644323197,0.967741935483871,0.03214616096207215,1.0,1.0,1.0,0.0,0,1.0003557683289508,3.6428750000006005,,not manually ranked,results/landscape_photo_synthetic/perceptual-palette.png
landscape_photo_synthetic.png,f4dffd3b1ab6ffc997f450979e2007b64cdd02141e827f20762c1fdb08b2760d,photo,floyd-steinberg,contain,device RGB444,linear RGB,RGB444 during,serpentine Floyd–Steinberg,49,0.9190800203096252,0.015571964259617117,0.9837837837837837,0.016187470780738664,1.0,1.0,1.0,0.0,0,1.0104581035528444,6.560708000000304,,not manually ranked,results/landscape_photo_synthetic/floyd-steinberg.png
landscape_photo_synthetic.png,f4dffd3b1ab6ffc997f450979e2007b64cdd02141e827f20762c1fdb08b2760d,photo,jarvis-jjn,contain,device RGB444,linear RGB,RGB444 during,serpentine Jarvis/JJN,42,0.9315171012957243,0.01467334729193372,0.9784946236559139,0.02359549304685041,1.4142135623730951,1.0,1.0,0.0,0,1.0219584482174273,14.919041999998939,,not manually ranked,results/landscape_photo_synthetic/jarvis-jjn.png
landscape_photo_synthetic.png,f4dffd3b1ab6ffc997f450979e2007b64cdd02141e827f20762c1fdb08b2760d,photo,ordered-bayer,contain,device RGB444,linear RGB,RGB444 during,4x4 Bayer,38,0.8877539228304078,0.017881854641775975,0.989247311827957,0.010638297872340425,1.0,1.0,1.0,0.0,0,1.0138647235320126,2.074415999999246,,not manually ranked,results/landscape_photo_synthetic/ordered-bayer.png
landscape_photo_synthetic.png,f4dffd3b1ab6ffc997f450979e2007b64cdd02141e827f20762c1fdb08b2760d,photo,blue-noise,contain,device RGB444,linear RGB,RGB444 during,deterministic high-pass rank mask,39,0.884512991484257,0.018062244658714546,0.9784946236559139,0.02359549304685041,1.4142135623730951,1.0,1.0,0.0,0,1.0422630593726425,2.429625000001323,,not manually ranked,results/landscape_photo_synthetic/blue-noise.png
landscape_photo_synthetic.png,f4dffd3b1ab6ffc997f450979e2007b64cdd02141e827f20762c1fdb08b2760d,photo,structure-dither,contain,device RGB444,linear RGB,RGB444 during,Floyd–Steinberg excluded from edges,45,0.9254446868384562,0.015147974875094467,0.994535519125683,0.005434782608695652,1.0,1.0,1.0,0.0,0,1.0204260193877235,6.131291999999178,,not manually ranked,results/landscape_photo_synthetic/structure-dither.png
landscape_photo_synthetic.png,f4dffd3b1ab6ffc997f450979e2007b64cdd02141e827f20762c1fdb08b2760d,photo,center-cover,center cover,none,linear RGB,RGB444 after,none,32,0.6321197850737115,0.11109861263794787,0.41450777202072536,1.4951857270567086,8.246211251235321,0.84375,1.0,0.0,0,1.2944317480546346,1.9959159999984877,,not manually ranked,results/landscape_photo_synthetic/center-cover.png
landscape_photo_synthetic.png,f4dffd3b1ab6ffc997f450979e2007b64cdd02141e827f20762c1fdb08b2760d,photo,saliency-cover,saliency cover,none,linear RGB,RGB444 after,none,35,0.5401780535577864,0.13189845527220484,0.24598930481283424,1.9910709518643004,10.04987562112089,0.84375,1.0,0.0,0,1.288504627167073,7.670166000000478,,not manually ranked,results/landscape_photo_synthetic/saliency-cover.png
landscape_photo_synthetic.png,f4dffd3b1ab6ffc997f450979e2007b64cdd02141e827f20762c1fdb08b2760d,photo,seam-carve,bounded gradient seam carving,none,linear RGB,RGB444 after,none,30,0.5515648980145533,0.12979255878566132,0.3005181347150259,1.9133010471137792,10.04987562112089,0.84375,1.0,0.0,0,1.3055681146715055,10.925458000000887,,not manually ranked,results/landscape_photo_synthetic/seam-carve.png
landscape_photo_synthetic.png,f4dffd3b1ab6ffc997f450979e2007b64cdd02141e827f20762c1fdb08b2760d,photo,controlled-aspect,contain plus max 1.35x horizontal optical stretch,none,linear RGB,RGB444 after,none,33,0.6467977677070178,0.10760131955025787,0.425531914893617,1.3753457093573809,7.280109889280518,0.84375,1.0,0.0,0,1.3061957983131458,2.106500000000011,,not manually ranked,results/landscape_photo_synthetic/controlled-aspect.png
landscape_photo_synthetic.png,f4dffd3b1ab6ffc997f450979e2007b64cdd02141e827f20762c1fdb08b2760d,photo,full-stretch,full nonuniform stretch,none,linear RGB,RGB444 after,none,33,0.6467977677070178,0.10760131955025787,0.425531914893617,1.3753457093573809,7.280109889280518,0.84375,1.0,0.0,0,1.3061957983131458,2.1872090000005784,,not manually ranked,results/landscape_photo_synthetic/full-stretch.png
high_frequency_photo_synthetic.png,eca7173a9bae31026c4ad7f784b3ea7c2967ec35f2bac2533e4b44ab504016fb,photo,nearest,contain,none,sRGB,RGB444 after,none,305,0.5663105837615984,0.09757637338582467,0.44912280701754387,2.3574660633484164,12.0,1.0,1.0,0.0,0,1.5032840350465777,0.15454200000064588,,not manually ranked,results/high_frequency_photo_synthetic/nearest.png
high_frequency_photo_synthetic.png,eca7173a9bae31026c4ad7f784b3ea7c2967ec35f2bac2533e4b44ab504016fb,photo,bilinear,contain,none,sRGB,RGB444 after,none,7,0.745182835792418,0.025646775273344663,1.0,0.0,0.0,1.0,1.0,0.0,0,0.7361150043046422,0.25208299999945893,,not manually ranked,results/high_frequency_photo_synthetic/bilinear.png
high_frequency_photo_synthetic.png,eca7173a9bae31026c4ad7f784b3ea7c2967ec35f2bac2533e4b44ab504016fb,photo,bicubic,contain,none,sRGB,RGB444 after,none,9,0.7417615992895723,0.025852005725754856,1.0,0.0,0.0,1.0,1.0,0.0,0,0.7388584851818729,0.36491700000063076,,not manually ranked,results/high_frequency_photo_synthetic/bicubic.png
high_frequency_photo_synthetic.png,eca7173a9bae31026c4ad7f784b3ea7c2967ec35f2bac2533e4b44ab504016fb,photo,lanczos,contain,none,sRGB,RGB444 after,none,8,0.7205148581125707,0.02634505029205289,1.0,0.0,0.0,1.0,1.0,0.0,0,0.7352702259907196,0.677624999999793,,not manually ranked,results/high_frequency_photo_synthetic/lanczos.png
high_frequency_photo_synthetic.png,eca7173a9bae31026c4ad7f784b3ea7c2967ec35f2bac2533e4b44ab504016fb,photo,linear-area,contain,none,linear RGB,RGB444 after,none,16,0.9601716189588134,0.013234247404432044,1.0,0.0,0.0,1.0,1.0,0.0,0,1.032366593174659,1.4295000000004165,,not manually ranked,results/high_frequency_photo_synthetic/linear-area.png
high_frequency_photo_synthetic.png,eca7173a9bae31026c4ad7f784b3ea7c2967ec35f2bac2533e4b44ab504016fb,photo,rgb444-before,contain,device RGB444,linear RGB,RGB444 before and after,none,16,0.9629037775165525,0.013367422926429217,1.0,0.0,0.0,1.0,1.0,0.0,0,1.0371447271951608,1.647750000000059,,not manually ranked,results/high_frequency_photo_synthetic/rgb444-before.png
high_frequency_photo_synthetic.png,eca7173a9bae31026c4ad7f784b3ea7c2967ec35f2bac2533e4b44ab504016fb,photo,edge-enhanced,contain,none,linear RGB + OKLab L,RGB444 after,none,21,0.9609571620014495,0.014496058074495825,1.0,0.0,0.0,1.0,1.0,0.0,0,1.0218930153867878,1.5812499999992013,,not manually ranked,results/high_frequency_photo_synthetic/edge-enhanced.png
high_frequency_photo_synthetic.png,eca7173a9bae31026c4ad7f784b3ea7c2967ec35f2bac2533e4b44ab504016fb,photo,perceptual-palette,contain,OKLab k-means medoids,OKLab,palette then RGB444,none,6,0.964804226241733,0.014711650208739767,1.0,0.0,0.0,1.0,1.0,0.0,0,1.0264590715243902,5.040999999998519,,not manually ranked,results/high_frequency_photo_synthetic/perceptual-palette.png
high_frequency_photo_synthetic.png,eca7173a9bae31026c4ad7f784b3ea7c2967ec35f2bac2533e4b44ab504016fb,photo,floyd-steinberg,contain,device RGB444,linear RGB,RGB444 during,serpentine Floyd–Steinberg,19,0.9501222746306905,0.015141153962537523,1.0,0.0,0.0,1.0,1.0,0.0,0,1.0314046744550316,6.22433300000047,,not manually ranked,results/high_frequency_photo_synthetic/floyd-steinberg.png
high_frequency_photo_synthetic.png,eca7173a9bae31026c4ad7f784b3ea7c2967ec35f2bac2533e4b44ab504016fb,photo,jarvis-jjn,contain,device RGB444,linear RGB,RGB444 during,serpentine Jarvis/JJN,17,0.9585880925011917,0.01397862614070039,1.0,0.0,0.0,1.0,1.0,0.0,0,1.0208039434760348,14.300833000000068,,not manually ranked,results/high_frequency_photo_synthetic/jarvis-jjn.png
high_frequency_photo_synthetic.png,eca7173a9bae31026c4ad7f784b3ea7c2967ec35f2bac2533e4b44ab504016fb,photo,ordered-bayer,contain,device RGB444,linear RGB,RGB444 during,4x4 Bayer,18,0.8980718084810332,0.01693770556845535,1.0,0.0,0.0,1.0,1.0,0.0,0,0.9921045948718915,1.440083000000314,,not manually ranked,results/high_frequency_photo_synthetic/ordered-bayer.png
high_frequency_photo_synthetic.png,eca7173a9bae31026c4ad7f784b3ea7c2967ec35f2bac2533e4b44ab504016fb,photo,blue-noise,contain,device RGB444,linear RGB,RGB444 during,deterministic high-pass rank mask,21,0.9014951154491093,0.017413992878364218,1.0,0.0,0.0,1.0,1.0,0.0,0,1.0452036645594314,1.4835420000007815,,not manually ranked,results/high_frequency_photo_synthetic/blue-noise.png
high_frequency_photo_synthetic.png,eca7173a9bae31026c4ad7f784b3ea7c2967ec35f2bac2533e4b44ab504016fb,photo,structure-dither,contain,device RGB444,linear RGB,RGB444 during,Floyd–Steinberg excluded from edges,20,0.9501169538003025,0.015129340382152152,1.0,0.0,0.0,1.0,1.0,0.0,0,1.0216817455786804,5.9745410000004995,,not manually ranked,results/high_frequency_photo_synthetic/structure-dither.png
high_frequency_photo_synthetic.png,eca7173a9bae31026c4ad7f784b3ea7c2967ec35f2bac2533e4b44ab504016fb,photo,center-cover,center cover,none,linear RGB,RGB444 after,none,23,0.14733247246818992,0.1634799772870983,0.18695652173913047,2.8043729707504634,12.0,0.8125,1.0,0.0,0,2.4892171798895832,1.194375000000747,,not manually ranked,results/high_frequency_photo_synthetic/center-cover.png
high_frequency_photo_synthetic.png,eca7173a9bae31026c4ad7f784b3ea7c2967ec35f2bac2533e4b44ab504016fb,photo,saliency-cover,saliency cover,none,linear RGB,RGB444 after,none,24,0.1370798967619945,0.16355628779903914,0.1838565022421525,2.8444956471215037,12.0,0.8125,1.0,0.0,0,2.437657970145436,5.467124999999129,,not manually ranked,results/high_frequency_photo_synthetic/saliency-cover.png
high_frequency_photo_synthetic.png,eca7173a9bae31026c4ad7f784b3ea7c2967ec35f2bac2533e4b44ab504016fb,photo,seam-carve,bounded gradient seam carving,none,linear RGB,RGB444 after,none,24,0.14666705870683544,0.1635514808029927,0.2064516129032258,2.7222568578553616,12.0,0.8125,1.0,0.0,0,2.6332302276143267,12.38858399999998,,not manually ranked,results/high_frequency_photo_synthetic/seam-carve.png
high_frequency_photo_synthetic.png,eca7173a9bae31026c4ad7f784b3ea7c2967ec35f2bac2533e4b44ab504016fb,photo,controlled-aspect,contain plus max 1.35x horizontal optical stretch,none,linear RGB,RGB444 after,none,23,0.14192764755819404,0.16319665891063667,0.17002237136465323,2.880615363674482,12.0,0.8125,1.0,0.0,0,2.3439010679933316,1.4740419999998977,,not manually ranked,results/high_frequency_photo_synthetic/controlled-aspect.png
high_frequency_photo_synthetic.png,eca7173a9bae31026c4ad7f784b3ea7c2967ec35f2bac2533e4b44ab504016fb,photo,full-stretch,full nonuniform stretch,none,linear RGB,RGB444 after,none,23,0.14192764755819404,0.16319665891063667,0.17002237136465323,2.880615363674482,12.0,0.8125,1.0,0.0,0,2.3439010679933316,1.4306670000010513,,not manually ranked,results/high_frequency_photo_synthetic/full-stretch.png
portrait_photo.png,291dd44600a9a6583b892cbb6a840dfaf042d93a1b348c7af987f8cfeb263bdd,photo,nearest,contain,none,sRGB,RGB444 after,none,85,0.8876354542875485,0.03532599017098003,0.8529411764705883,0.14636617129963297,1.4142135623730951,0.99609375,1.0,0.0,0,0.8092827645842483,0.17524999999984914,,not manually ranked,results/portrait_photo/nearest.png
portrait_photo.png,291dd44600a9a6583b892cbb6a840dfaf042d93a1b348c7af987f8cfeb263bdd,photo,bilinear,contain,none,sRGB,RGB444 after,none,72,0.9635788251769518,0.021088139629355927,0.9395973154362417,0.05972503944106378,1.0,1.0,1.0,0.0,0,1.0154833472391367,0.2900829999994414,5,recognizable but soft,results/portrait_photo/bilinear.png
portrait_photo.png,291dd44600a9a6583b892cbb6a840dfaf042d93a1b348c7af987f8cfeb263bdd,photo,bicubic,contain,none,sRGB,RGB444 after,none,83,0.9662519419726604,0.02110559747437525,0.9594594594594594,0.040146152089518154,1.0,1.0,1.0,0.0,0,0.990733504254633,0.42837499999848205,2,stable face with moderate softness,results/portrait_photo/bicubic.png
portrait_photo.png,291dd44600a9a6583b892cbb6a840dfaf042d93a1b348c7af987f8cfeb263bdd,photo,lanczos,contain,none,sRGB,RGB444 after,none,87,0.9587793306801743,0.022872492221819182,0.9337979094076655,0.06755854702632585,1.4142135623730951,1.0,1.0,0.0,0,0.9466334226676393,0.7970420000003031,3,good detail but slight ringing/noise,results/portrait_photo/lanczos.png
portrait_photo.png,291dd44600a9a6583b892cbb6a840dfaf042d93a1b348c7af987f8cfeb263bdd,photo,linear-area,contain,none,linear RGB,RGB444 after,none,70,0.9765203220614147,0.015919904496652967,0.9547038327526133,0.04519184069936863,1.0,1.0,1.0,0.0,0,0.9783126239287611,1.73491700000028,4,"clean tonal hierarchy, softer eyes and mouth",results/portrait_photo/linear-area.png
portrait_photo.png,291dd44600a9a6583b892cbb6a840dfaf042d93a1b348c7af987f8cfeb263bdd,photo,rgb444-before,contain,device RGB444,linear RGB,RGB444 before and after,none,71,0.9757175493348016,0.015972488141123873,0.9655172413793104,0.034482758620689655,1.0,1.0,1.0,0.0,0,1.0013776139734565,2.0662090000005406,,not manually ranked,results/portrait_photo/rgb444-before.png
portrait_photo.png,291dd44600a9a6583b892cbb6a840dfaf042d93a1b348c7af987f8cfeb263bdd,photo,edge-enhanced,contain,none,linear RGB + OKLab L,RGB444 after,none,74,0.9733328004009579,0.01753358045706288,0.9718309859154929,0.02916337596551377,1.4142135623730951,1.0,1.0,0.0,0,0.9624553857845036,2.038708999998917,1,best facial feature visibility at LED and apparent size,results/portrait_photo/edge-enhanced.png
portrait_photo.png,291dd44600a9a6583b892cbb6a840dfaf042d93a1b348c7af987f8cfeb263bdd,photo,perceptual-palette,contain,OKLab k-means medoids,OKLab,palette then RGB444,none,8,0.9324245987396762,0.02571888779224924,0.9543859649122807,0.053645071397345645,3.0,1.0,1.0,0.0,0,0.9537313778812249,4.156708000000009,12,posterization removes identity cues,results/portrait_photo/perceptual-palette.png
portrait_photo.png,291dd44600a9a6583b892cbb6a840dfaf042d93a1b348c7af987f8cfeb263bdd,photo,floyd-steinberg,contain,device RGB444,linear RGB,RGB444 during,serpentine Floyd–Steinberg,87,0.9540279051134801,0.017934560412675327,0.9759450171821304,0.024043457723193197,1.0,1.0,1.0,0.0,0,1.010327613792211,6.380915999999459,8,small tonal benefit outweighed by LED-scale noise,results/portrait_photo/floyd-steinberg.png
portrait_photo.png,291dd44600a9a6583b892cbb6a840dfaf042d93a1b348c7af987f8cfeb263bdd,photo,jarvis-jjn,contain,device RGB444,linear RGB,RGB444 during,serpentine Jarvis/JJN,79,0.9646421558215097,0.01674349916921163,0.9662162162162162,0.03338661794930349,1.0,1.0,1.0,0.0,0,1.018780394544805,14.504666000000555,9,diffuse noise is visible; no recognition gain,results/portrait_photo/jarvis-jjn.png
portrait_photo.png,291dd44600a9a6583b892cbb6a840dfaf042d93a1b348c7af987f8cfeb263bdd,photo,ordered-bayer,contain,device RGB444,linear RGB,RGB444 during,4x4 Bayer,76,0.9048550647953234,0.021774104872579393,0.965034965034965,0.034776228906823185,1.0,1.0,1.0,0.0,0,1.00673606835963,1.7050000000011778,10,patterning visible with no structure gain,results/portrait_photo/ordered-bayer.png
portrait_photo.png,291dd44600a9a6583b892cbb6a840dfaf042d93a1b348c7af987f8cfeb263bdd,photo,blue-noise,contain,device RGB444,linear RGB,RGB444 during,deterministic high-pass rank mask,76,0.9062376321272194,0.021603231139092804,0.9459459459459459,0.053665220369947475,1.0,1.0,1.0,0.0,0,1.009119460705719,1.7637910000001256,10,noise remains individually resolvable at 512 LEDs,results/portrait_photo/blue-noise.png
portrait_photo.png,291dd44600a9a6583b892cbb6a840dfaf042d93a1b348c7af987f8cfeb263bdd,photo,structure-dither,contain,device RGB444,linear RGB,RGB444 during,Floyd–Steinberg excluded from edges,77,0.9524782244056738,0.017343741608587107,0.9688581314878894,0.031130268199233715,1.0,1.0,1.0,0.0,0,0.9916502178299054,5.634582999999083,6,minor tonal help without damaging major edges,results/portrait_photo/structure-dither.png
portrait_photo.png,291dd44600a9a6583b892cbb6a840dfaf042d93a1b348c7af987f8cfeb263bdd,photo,center-cover,center cover,none,linear RGB,RGB444 after,none,70,0.9765203220614147,0.015919904496652967,0.9547038327526133,0.04519184069936863,1.0,1.0,1.0,0.0,0,0.9783126239287611,1.8094160000003967,,not manually ranked,results/portrait_photo/center-cover.png
portrait_photo.png,291dd44600a9a6583b892cbb6a840dfaf042d93a1b348c7af987f8cfeb263bdd,photo,saliency-cover,saliency cover,none,linear RGB,RGB444 after,none,70,0.9765203220614147,0.015919904496652967,0.9547038327526133,0.04519184069936863,1.0,1.0,1.0,0.0,0,0.9783126239287611,6.566958999998818,,not manually ranked,results/portrait_photo/saliency-cover.png
portrait_photo.png,291dd44600a9a6583b892cbb6a840dfaf042d93a1b348c7af987f8cfeb263bdd,photo,seam-carve,bounded gradient seam carving,none,linear RGB,RGB444 after,none,70,0.9765203220614147,0.015919904496652967,0.9547038327526133,0.04519184069936863,1.0,1.0,1.0,0.0,0,0.9783126239287611,2.0357920000009244,,not manually ranked,results/portrait_photo/seam-carve.png
portrait_photo.png,291dd44600a9a6583b892cbb6a840dfaf042d93a1b348c7af987f8cfeb263bdd,photo,controlled-aspect,contain plus max 1.35x horizontal optical stretch,none,linear RGB,RGB444 after,none,70,0.9765203220614147,0.015919904496652967,0.9547038327526133,0.04519184069936863,1.0,1.0,1.0,0.0,0,0.9783126239287611,1.683665999999917,,not manually ranked,results/portrait_photo/controlled-aspect.png
portrait_photo.png,291dd44600a9a6583b892cbb6a840dfaf042d93a1b348c7af987f8cfeb263bdd,photo,full-stretch,full nonuniform stretch,none,linear RGB,RGB444 after,none,70,0.9765203220614147,0.015919904496652967,0.9547038327526133,0.04519184069936863,1.0,1.0,1.0,0.0,0,0.9783126239287611,1.6562919999998371,,not manually ranked,results/portrait_photo/full-stretch.png
landscape_photo.jpg,e8a3d06beca9c6577b39ba3732f8c9b759df9b53c6d663b4155acbf869341f65,photo,nearest,contain,none,sRGB,RGB444 after,none,77,0.8208662456262231,0.030079299200683435,0.8130081300813008,0.2432049883119764,4.0,0.9973958333333334,1.0,0.0,0,0.9673125557739685,0.602125000000342,,not manually ranked,results/landscape_photo/nearest.png
landscape_photo.jpg,e8a3d06beca9c6577b39ba3732f8c9b759df9b53c6d663b4155acbf869341f65,photo,bilinear,contain,none,sRGB,RGB444 after,none,66,0.9343025002579688,0.018006900726554483,0.9367088607594938,0.06362217751071647,1.4142135623730951,1.0,1.0,0.0,0,0.9709807979058044,1.2234580000001216,,not manually ranked,results/landscape_photo/bilinear.png
landscape_photo.jpg,e8a3d06beca9c6577b39ba3732f8c9b759df9b53c6d663b4155acbf869341f65,photo,bicubic,contain,none,sRGB,RGB444 after,none,64,0.9425331384746531,0.017054589556814017,0.9590163934426229,0.040919169522273736,1.0,1.0,1.0,0.0,0,0.9770134427449513,2.585083999999682,,not manually ranked,results/landscape_photo/bicubic.png
landscape_photo.jpg,e8a3d06beca9c6577b39ba3732f8c9b759df9b53c6d663b4155acbf869341f65,photo,lanczos,contain,none,sRGB,RGB444 after,none,68,0.9444772056973831,0.017130288359307997,0.9558232931726908,0.0440379403794038,1.0,1.0,1.0,0.0,0,0.9889427611417224,3.5065420000002234,,not manually ranked,results/landscape_photo/lanczos.png
landscape_photo.jpg,e8a3d06beca9c6577b39ba3732f8c9b759df9b53c6d663b4155acbf869341f65,photo,linear-area,contain,none,linear RGB,RGB444 after,none,63,0.9589634655956999,0.013523761605629209,0.963855421686747,0.03600464576074332,1.0,1.0,1.0,0.0,0,1.0005835786769945,9.068334000000178,,not manually ranked,results/landscape_photo/linear-area.png
landscape_photo.jpg,e8a3d06beca9c6577b39ba3732f8c9b759df9b53c6d663b4155acbf869341f65,photo,rgb444-before,contain,device RGB444,linear RGB,RGB444 before and after,none,65,0.9570544805024033,0.013630757825773719,0.9641434262948206,0.03547383130081301,1.0,1.0,1.0,0.0,0,1.000000095156407,10.227125000000115,,not manually ranked,results/landscape_photo/rgb444-before.png
landscape_photo.jpg,e8a3d06beca9c6577b39ba3732f8c9b759df9b53c6d663b4155acbf869341f65,photo,edge-enhanced,contain,none,linear RGB + OKLab L,RGB444 after,none,64,0.9567073949199989,0.014348734533243661,0.9761904761904763,0.023255813953488372,1.0,1.0,1.0,0.0,0,1.0373352592748268,9.01804100000092,,not manually ranked,results/landscape_photo/edge-enhanced.png
landscape_photo.jpg,e8a3d06beca9c6577b39ba3732f8c9b759df9b53c6d663b4155acbf869341f65,photo,perceptual-palette,contain,OKLab k-means medoids,OKLab,palette then RGB444,none,8,0.9091084906329252,0.021972249548329784,0.9328063241106719,0.0719183323380829,2.0,1.0,1.0,0.0,0,1.0384717324568171,11.725666000000246,,not manually ranked,results/landscape_photo/perceptual-palette.png
landscape_photo.jpg,e8a3d06beca9c6577b39ba3732f8c9b759df9b53c6d663b4155acbf869341f65,photo,floyd-steinberg,contain,device RGB444,linear RGB,RGB444 during,serpentine Floyd–Steinberg,75,0.9459340008883068,0.015216380289691255,0.976,0.023750080020485245,1.0,1.0,1.0,0.0,0,1.0048229546339182,13.336792000000486,,not manually ranked,results/landscape_photo/floyd-steinberg.png
landscape_photo.jpg,e8a3d06beca9c6577b39ba3732f8c9b759df9b53c6d663b4155acbf869341f65,photo,jarvis-jjn,contain,device RGB444,linear RGB,RGB444 during,serpentine Jarvis/JJN,65,0.9553138118328629,0.013903715291955367,0.963855421686747,0.03600464576074332,1.0,1.0,1.0,0.0,0,1.0087053930358318,21.589291999999816,,not manually ranked,results/landscape_photo/jarvis-jjn.png
landscape_photo.jpg,e8a3d06beca9c6577b39ba3732f8c9b759df9b53c6d663b4155acbf869341f65,photo,ordered-bayer,contain,device RGB444,linear RGB,RGB444 during,4x4 Bayer,69,0.9017375285509721,0.01793187863237209,0.9799196787148594,0.019938056523422377,1.0,1.0,1.0,0.0,0,1.0244479066676553,8.68729099999932,,not manually ranked,results/landscape_photo/ordered-bayer.png
landscape_photo.jpg,e8a3d06beca9c6577b39ba3732f8c9b759df9b53c6d663b4155acbf869341f65,photo,blue-noise,contain,device RGB444,linear RGB,RGB444 during,deterministic high-pass rank mask,69,0.8926160399556513,0.018082644439584572,0.9596774193548387,0.0419170168511184,1.4142135623730951,1.0,1.0,0.0,0,1.0253569041718529,9.096959000000737,,not manually ranked,results/landscape_photo/blue-noise.png
landscape_photo.jpg,e8a3d06beca9c6577b39ba3732f8c9b759df9b53c6d663b4155acbf869341f65,photo,structure-dither,contain,device RGB444,linear RGB,RGB444 during,Floyd–Steinberg excluded from edges,75,0.9488215558516985,0.014640234687509614,0.9641434262948206,0.03547383130081301,1.0,1.0,1.0,0.0,0,1.0005919794424372,12.592958999999126,,not manually ranked,results/landscape_photo/structure-dither.png
landscape_photo.jpg,e8a3d06beca9c6577b39ba3732f8c9b759df9b53c6d663b4155acbf869341f65,photo,center-cover,center cover,none,linear RGB,RGB444 after,none,51,0.4421148805645944,0.1214270323607946,0.380952380952381,1.2197980262050674,6.0,0.75,1.0,0.0,0,1.0613674149091175,6.4788329999991845,,not manually ranked,results/landscape_photo/center-cover.png
landscape_photo.jpg,e8a3d06beca9c6577b39ba3732f8c9b759df9b53c6d663b4155acbf869341f65,photo,saliency-cover,saliency cover,none,linear RGB,RGB444 after,none,79,0.41491378552529046,0.13859819930931394,0.5545454545454545,1.7612465144015614,11.704699910719626,0.75,1.0,0.0,0,0.7795301632311488,36.17579099999979,,not manually ranked,results/landscape_photo/saliency-cover.png
landscape_photo.jpg,e8a3d06beca9c6577b39ba3732f8c9b759df9b53c6d663b4155acbf869341f65,photo,seam-carve,bounded gradient seam carving,none,linear RGB,RGB444 after,none,76,0.4217194000283866,0.13424506434410022,0.5545454545454545,1.7612465144015614,11.704699910719626,0.75,1.0,0.0,0,0.826269205324315,23.41800000000127,,not manually ranked,results/landscape_photo/seam-carve.png
landscape_photo.jpg,e8a3d06beca9c6577b39ba3732f8c9b759df9b53c6d663b4155acbf869341f65,photo,controlled-aspect,contain plus max 1.35x horizontal optical stretch,none,linear RGB,RGB444 after,none,68,0.45239154169751905,0.112701394798496,0.543778801843318,1.4794721766517251,12.36931687685298,0.75,1.0,0.0,0,0.8878821228751181,8.992542000001436,,not manually ranked,results/landscape_photo/controlled-aspect.png
landscape_photo.jpg,e8a3d06beca9c6577b39ba3732f8c9b759df9b53c6d663b4155acbf869341f65,photo,full-stretch,full nonuniform stretch,none,linear RGB,RGB444 after,none,68,0.45239154169751905,0.112701394798496,0.543778801843318,1.4794721766517251,12.36931687685298,0.75,1.0,0.0,0,0.8878821228751181,8.91554100000036,,not manually ranked,results/landscape_photo/full-stretch.png
high_frequency_photo.png,5bf318665745e8264dc7998bcc9338b941759db2d27495908b68ec3e04f22ffd,photo,nearest,contain,none,sRGB,RGB444 after,none,13,0.655228856022211,0.054693790437860004,0.6124401913875598,1.096551724137931,7.0,1.0,1.0,0.0,0,1.3680212590027585,0.5378330000009868,,not manually ranked,results/high_frequency_photo/nearest.png
high_frequency_photo.png,5bf318665745e8264dc7998bcc9338b941759db2d27495908b68ec3e04f22ffd,photo,bilinear,contain,none,sRGB,RGB444 after,none,4,0.939152584733466,0.012760409575297251,1.0,0.0,0.0,1.0,1.0,0.0,0,0.9463961834195429,1.1809589999991488,,not manually ranked,results/high_frequency_photo/bilinear.png
high_frequency_photo.png,5bf318665745e8264dc7998bcc9338b941759db2d27495908b68ec3e04f22ffd,photo,bicubic,contain,none,sRGB,RGB444 after,none,4,0.9508054969398726,0.012860261444014073,1.0,0.0,0.0,1.0,1.0,0.0,0,0.992029983032819,2.3846250000012503,,not manually ranked,results/high_frequency_photo/bicubic.png
high_frequency_photo.png,5bf318665745e8264dc7998bcc9338b941759db2d27495908b68ec3e04f22ffd,photo,lanczos,contain,none,sRGB,RGB444 after,none,4,0.9469044687744568,0.013682239528447519,1.0,0.0,0.0,1.0,1.0,0.0,0,1.0097293750366896,3.1327499999989072,,not manually ranked,results/high_frequency_photo/lanczos.png
high_frequency_photo.png,5bf318665745e8264dc7998bcc9338b941759db2d27495908b68ec3e04f22ffd,photo,linear-area,contain,none,linear RGB,RGB444 after,none,5,0.9580912035347023,0.007516430243783654,1.0,0.0,0.0,1.0,1.0,0.0,0,1.0287027616732654,8.355708999999933,,not manually ranked,results/high_frequency_photo/linear-area.png
high_frequency_photo.png,5bf318665745e8264dc7998bcc9338b941759db2d27495908b68ec3e04f22ffd,photo,rgb444-before,contain,device RGB444,linear RGB,RGB444 before and after,none,5,0.9580767580842376,0.007517710263275242,1.0,0.0,0.0,1.0,1.0,0.0,0,1.0336556534837098,9.04379199999994,,not manually ranked,results/high_frequency_photo/rgb444-before.png
high_frequency_photo.png,5bf318665745e8264dc7998bcc9338b941759db2d27495908b68ec3e04f22ffd,photo,edge-enhanced,contain,none,linear RGB + OKLab L,RGB444 after,none,5,0.9568877038822089,0.008886494310508086,1.0,0.0,0.0,1.0,1.0,0.0,0,1.0390343964700028,8.572584000001271,,not manually ranked,results/high_frequency_photo/edge-enhanced.png
high_frequency_photo.png,5bf318665745e8264dc7998bcc9338b941759db2d27495908b68ec3e04f22ffd,photo,perceptual-palette,contain,OKLab k-means medoids,OKLab,palette then RGB444,none,5,0.9581731009205798,0.007601380944066573,1.0,0.0,0.0,1.0,1.0,0.0,0,1.0425745947892104,10.777958000000254,,not manually ranked,results/high_frequency_photo/perceptual-palette.png
high_frequency_photo.png,5bf318665745e8264dc7998bcc9338b941759db2d27495908b68ec3e04f22ffd,photo,floyd-steinberg,contain,device RGB444,linear RGB,RGB444 during,serpentine Floyd–Steinberg,5,0.9477735186121556,0.008090601642740839,1.0,0.0,0.0,1.0,1.0,0.0,0,1.0149246621860044,12.711458000000064,,not manually ranked,results/high_frequency_photo/floyd-steinberg.png
high_frequency_photo.png,5bf318665745e8264dc7998bcc9338b941759db2d27495908b68ec3e04f22ffd,photo,jarvis-jjn,contain,device RGB444,linear RGB,RGB444 during,serpentine Jarvis/JJN,5,0.9557833757476155,0.007625355168020088,1.0,0.0,0.0,1.0,1.0,0.0,0,1.0428180873950053,21.00662499999828,,not manually ranked,results/high_frequency_photo/jarvis-jjn.png
high_frequency_photo.png,5bf318665745e8264dc7998bcc9338b941759db2d27495908b68ec3e04f22ffd,photo,ordered-bayer,contain,device RGB444,linear RGB,RGB444 during,4x4 Bayer,5,0.9023971300252736,0.01080831508682066,1.0,0.0,0.0,1.0,1.0,0.0,0,1.0436651817776903,8.348749999999683,,not manually ranked,results/high_frequency_photo/ordered-bayer.png
high_frequency_photo.png,5bf318665745e8264dc7998bcc9338b941759db2d27495908b68ec3e04f22ffd,photo,blue-noise,contain,device RGB444,linear RGB,RGB444 during,deterministic high-pass rank mask,5,0.92311779824307,0.009835125482097116,1.0,0.0,0.0,1.0,1.0,0.0,0,1.0159963353708152,8.489917000000347,,not manually ranked,results/high_frequency_photo/blue-noise.png
high_frequency_photo.png,5bf318665745e8264dc7998bcc9338b941759db2d27495908b68ec3e04f22ffd,photo,structure-dither,contain,device RGB444,linear RGB,RGB444 during,Floyd–Steinberg excluded from edges,5,0.9484141720234183,0.007877663682780568,1.0,0.0,0.0,1.0,1.0,0.0,0,1.0159682939241093,12.905415999998837,,not manually ranked,results/high_frequency_photo/structure-dither.png
high_frequency_photo.png,5bf318665745e8264dc7998bcc9338b941759db2d27495908b68ec3e04f22ffd,photo,center-cover,center cover,none,linear RGB,RGB444 after,none,6,0.12479606229296318,0.3105855506733223,0.1876675603217158,2.112736649319034,7.0,0.5,1.0,0.0,0,2.231121653514792,4.258584000000454,,not manually ranked,results/high_frequency_photo/center-cover.png
high_frequency_photo.png,5bf318665745e8264dc7998bcc9338b941759db2d27495908b68ec3e04f22ffd,photo,saliency-cover,saliency cover,none,linear RGB,RGB444 after,none,6,0.13600155363661487,0.31083578834098313,0.18937644341801382,2.0078238146499623,7.0,0.5,1.0,0.0,0,2.6700659900452304,35.390791999999394,,not manually ranked,results/high_frequency_photo/saliency-cover.png
high_frequency_photo.png,5bf318665745e8264dc7998bcc9338b941759db2d27495908b68ec3e04f22ffd,photo,seam-carve,bounded gradient seam carving,none,linear RGB,RGB444 after,none,6,0.10442663233690161,0.3141413866566275,0.17982456140350878,2.0139657093610595,7.0,0.5,1.0,0.0,0,2.5523847832914077,51.51299999999992,,not manually ranked,results/high_frequency_photo/seam-carve.png
high_frequency_photo.png,5bf318665745e8264dc7998bcc9338b941759db2d27495908b68ec3e04f22ffd,photo,controlled-aspect,contain plus max 1.35x horizontal optical stretch,none,linear RGB,RGB444 after,none,5,0.3398699695135199,0.12353423675724233,0.0,2.5,3.0,0.7272727272727273,1.0,0.0,0,1.128128840356598,8.250208999999842,,not manually ranked,results/high_frequency_photo/controlled-aspect.png
high_frequency_photo.png,5bf318665745e8264dc7998bcc9338b941759db2d27495908b68ec3e04f22ffd,photo,full-stretch,full nonuniform stretch,none,linear RGB,RGB444 after,none,5,0.1388894482836288,0.3104853200181439,0.21081081081081082,2.1138999745062197,7.0,0.5,1.0,0.0,0,2.463959300507114,8.242416999999946,,not manually ranked,results/high_frequency_photo/full-stretch.png
